,YearSchluessel,Year,Stadt-/Landkreis,Unternehmensinsolvenzen je 10.000 st.-pfl. Untern.,LAND_NAME,LAND_ABK
1001,200901001,2009,Flensburg,203.60000000000002,Schleswig-Holstein,SH
1001,201301001,2013,Flensburg,139.9,Schleswig-Holstein,SH
1001,201701001,2017,Flensburg,77.0,Schleswig-Holstein,SH
1002,200901002,2009,Kiel,150.20000000000002,Schleswig-Holstein,SH
1002,201301002,2013,Kiel,80.4,Schleswig-Holstein,SH
1002,201701002,2017,Kiel,89.9,Schleswig-Holstein,SH
1003,200901003,2009,Lübeck,116.2,Schleswig-Holstein,SH
1003,201301003,2013,Lübeck,74.9,Schleswig-Holstein,SH
1003,201701003,2017,Lübeck,82.10000000000001,Schleswig-Holstein,SH
1004,200901004,2009,Neumünster,131.5,Schleswig-Holstein,SH
1004,201301004,2013,Neumünster,136.1,Schleswig-Holstein,SH
1004,201701004,2017,Neumünster,58.0,Schleswig-Holstein,SH
1051,200901051,2009,Kreis Dithmarschen,86.7,Schleswig-Holstein,SH
1051,201301051,2013,Kreis Dithmarschen,79.30000000000001,Schleswig-Holstein,SH
1051,201701051,2017,Kreis Dithmarschen,77.5,Schleswig-Holstein,SH
1053,200901053,2009,Kreis Herzogtum Lauenburg,70.3,Schleswig-Holstein,SH
1053,201301053,2013,Kreis Herzogtum Lauenburg,97.2,Schleswig-Holstein,SH
1053,201701053,2017,Kreis Herzogtum Lauenburg,66.10000000000001,Schleswig-Holstein,SH
1054,200901054,2009,Kreis Nordfriesland,76.7,Schleswig-Holstein,SH
1054,201301054,2013,Kreis Nordfriesland,62.2,Schleswig-Holstein,SH
1054,201701054,2017,Kreis Nordfriesland,66.4,Schleswig-Holstein,SH
1055,200901055,2009,Kreis Ostholstein,140.5,Schleswig-Holstein,SH
1055,201301055,2013,Kreis Ostholstein,81.5,Schleswig-Holstein,SH
1055,201701055,2017,Kreis Ostholstein,63.2,Schleswig-Holstein,SH
1056,200901056,2009,Kreis Pinneberg,104.80000000000001,Schleswig-Holstein,SH
1056,201301056,2013,Kreis Pinneberg,98.30000000000001,Schleswig-Holstein,SH
1056,201701056,2017,Kreis Pinneberg,79.60000000000001,Schleswig-Holstein,SH
1057,200901057,2009,Kreis Plön,50.0,Schleswig-Holstein,SH
1057,201301057,2013,Kreis Plön,52.1,Schleswig-Holstein,SH
1057,201701057,2017,Kreis Plön,76.7,Schleswig-Holstein,SH
1058,200901058,2009,Kreis Rendsburg-Eckernförde,144.6,Schleswig-Holstein,SH
1058,201301058,2013,Kreis Rendsburg-Eckernförde,97.30000000000001,Schleswig-Holstein,SH
1058,201701058,2017,Kreis Rendsburg-Eckernförde,71.10000000000001,Schleswig-Holstein,SH
1059,200901059,2009,Kreis Schleswig,171.20000000000002,Schleswig-Holstein,SH
1059,201301059,2013,Kreis Schleswig,102.80000000000001,Schleswig-Holstein,SH
1059,201701059,2017,Kreis Schleswig,65.10000000000001,Schleswig-Holstein,SH
1060,200901060,2009,Kreis Segeberg,82.30000000000001,Schleswig-Holstein,SH
1060,201301060,2013,Kreis Segeberg,87.60000000000001,Schleswig-Holstein,SH
1060,201701060,2017,Kreis Segeberg,89.60000000000001,Schleswig-Holstein,SH
1061,200901061,2009,Kreis Steinburg,136.4,Schleswig-Holstein,SH
1061,201301061,2013,Kreis Steinburg,112.10000000000001,Schleswig-Holstein,SH
1061,201701061,2017,Kreis Steinburg,56.6,Schleswig-Holstein,SH
1062,200901062,2009,Kreis Stormarn,73.2,Schleswig-Holstein,SH
1062,201301062,2013,Kreis Stormarn,91.5,Schleswig-Holstein,SH
1062,201701062,2017,Kreis Stormarn,71.0,Schleswig-Holstein,SH
2000,200902,2009,Hamburg,96.5,Hamburg,HH
2000,201302,2013,Hamburg,110.60000000000001,Hamburg,HH
2000,201702,2017,Hamburg,79.9,Hamburg,HH
3101,200903101,2009,Braunschweig,117.80000000000001,Niedersachsen,NI
3101,201303101,2013,Braunschweig,74.5,Niedersachsen,NI
3101,201703101,2017,Braunschweig,62.900000000000006,Niedersachsen,NI
3102,200903102,2009,Salzgitter,111.4,Niedersachsen,NI
3102,201303102,2013,Salzgitter,105.30000000000001,Niedersachsen,NI
3102,201703102,2017,Salzgitter,103.9,Niedersachsen,NI
3103,200903103,2009,Wolfsburg,82.9,Niedersachsen,NI
3103,201303103,2013,Wolfsburg,57.2,Niedersachsen,NI
3103,201703103,2017,Wolfsburg,90.4,Niedersachsen,NI
3151,200903151,2009,Landkreis Gifhorn,82.30000000000001,Niedersachsen,NI
3151,201303151,2013,Landkreis Gifhorn,43.300000000000004,Niedersachsen,NI
3151,201703151,2017,Landkreis Gifhorn,42.400000000000006,Niedersachsen,NI
3153,200903153,2009,Landkreis Goslar,116.4,Niedersachsen,NI
3153,201303153,2013,Landkreis Goslar,92.4,Niedersachsen,NI
3153,201703153,2017,Landkreis Goslar,103.5,Niedersachsen,NI
3154,200903154,2009,Landkreis Helmstedt,139.20000000000002,Niedersachsen,NI
3154,201303154,2013,Landkreis Helmstedt,71.7,Niedersachsen,NI
3154,201703154,2017,Landkreis Helmstedt,60.5,Niedersachsen,NI
3155,200903155,2009,Landkreis Northeim,84.60000000000001,Niedersachsen,NI
3155,201303155,2013,Landkreis Northeim,72.4,Niedersachsen,NI
3155,201703155,2017,Landkreis Northeim,71.2,Niedersachsen,NI
3156,200903156,2009,Landkreis Osterode am Harz,101.7,Niedersachsen,NI
3156,201303156,2013,Landkreis Osterode am Harz,103.10000000000001,Niedersachsen,NI
3156,201703156,2017,Landkreis Osterode am Harz,,Niedersachsen,NI
3157,200903157,2009,Landkreis Peine,99.7,Niedersachsen,NI
3157,201303157,2013,Landkreis Peine,115.9,Niedersachsen,NI
3157,201703157,2017,Landkreis Peine,57.400000000000006,Niedersachsen,NI
3158,200903158,2009,Landkreis Wolfenbüttel,104.7,Niedersachsen,NI
3158,201303158,2013,Landkreis Wolfenbüttel,71.5,Niedersachsen,NI
3158,201703158,2017,Landkreis Wolfenbüttel,48.7,Niedersachsen,NI
3159,200903159,2009,Landkreis Göttingen,,Niedersachsen,NI
3159,201303159,2013,Landkreis Göttingen,,Niedersachsen,NI
3159,201703159,2017,Landkreis Göttingen,54.5,Niedersachsen,NI
3241,200903241,2009,Hannover,86.9,Niedersachsen,NI
3241,201303241,2013,Hannover,71.60000000000001,Niedersachsen,NI
3241,201703241,2017,Hannover,52.900000000000006,Niedersachsen,NI
3251,200903251,2009,Landkreis Diepholz,107.2,Niedersachsen,NI
3251,201303251,2013,Landkreis Diepholz,81.2,Niedersachsen,NI
3251,201703251,2017,Landkreis Diepholz,58.7,Niedersachsen,NI
3252,200903252,2009,Landkreis Hameln-Pyrmont,133.5,Niedersachsen,NI
3252,201303252,2013,Landkreis Hameln-Pyrmont,75.4,Niedersachsen,NI
3252,201703252,2017,Landkreis Hameln-Pyrmont,55.900000000000006,Niedersachsen,NI
3254,200903254,2009,Landkreis Hildesheim,149.4,Niedersachsen,NI
3254,201303254,2013,Landkreis Hildesheim,93.7,Niedersachsen,NI
3254,201703254,2017,Landkreis Hildesheim,59.300000000000004,Niedersachsen,NI
3255,200903255,2009,Landkreis Holzminden,120.0,Niedersachsen,NI
3255,201303255,2013,Landkreis Holzminden,78.30000000000001,Niedersachsen,NI
3255,201703255,2017,Landkreis Holzminden,28.5,Niedersachsen,NI
3256,200903256,2009,Landkreis Nienburg (Weser),102.80000000000001,Niedersachsen,NI
3256,201303256,2013,Landkreis Nienburg (Weser),88.5,Niedersachsen,NI
3256,201703256,2017,Landkreis Nienburg (Weser),47.7,Niedersachsen,NI
3257,200903257,2009,Landkreis Schaumburg,114.80000000000001,Niedersachsen,NI
3257,201303257,2013,Landkreis Schaumburg,99.7,Niedersachsen,NI
3257,201703257,2017,Landkreis Schaumburg,60.6,Niedersachsen,NI
3351,200903351,2009,Landkreis Celle,177.60000000000002,Niedersachsen,NI
3351,201303351,2013,Landkreis Celle,141.1,Niedersachsen,NI
3351,201703351,2017,Landkreis Celle,86.2,Niedersachsen,NI
3352,200903352,2009,Landkreis Cuxhaven,127.30000000000001,Niedersachsen,NI
3352,201303352,2013,Landkreis Cuxhaven,102.2,Niedersachsen,NI
3352,201703352,2017,Landkreis Cuxhaven,94.2,Niedersachsen,NI
3353,200903353,2009,Landkreis Harburg,98.30000000000001,Niedersachsen,NI
3353,201303353,2013,Landkreis Harburg,80.9,Niedersachsen,NI
3353,201703353,2017,Landkreis Harburg,65.3,Niedersachsen,NI
3354,200903354,2009,Landkreis Lüchow-Dannenberg,100.30000000000001,Niedersachsen,NI
3354,201303354,2013,Landkreis Lüchow-Dannenberg,56.6,Niedersachsen,NI
3354,201703354,2017,Landkreis Lüchow-Dannenberg,72.60000000000001,Niedersachsen,NI
3355,200903355,2009,Landkreis Lüneburg,108.5,Niedersachsen,NI
3355,201303355,2013,Landkreis Lüneburg,88.5,Niedersachsen,NI
3355,201703355,2017,Landkreis Lüneburg,66.10000000000001,Niedersachsen,NI
3356,200903356,2009,Landkreis Osterholz,140.0,Niedersachsen,NI
3356,201303356,2013,Landkreis Osterholz,85.0,Niedersachsen,NI
3356,201703356,2017,Landkreis Osterholz,60.2,Niedersachsen,NI
3357,200903357,2009,Landkreis Rotenburg (Wümme),107.30000000000001,Niedersachsen,NI
3357,201303357,2013,Landkreis Rotenburg (Wümme),87.80000000000001,Niedersachsen,NI
3357,201703357,2017,Landkreis Rotenburg (Wümme),49.6,Niedersachsen,NI
3358,200903358,2009,Landkreis Heidekreis,95.60000000000001,Niedersachsen,NI
3358,201303358,2013,Landkreis Heidekreis,89.60000000000001,Niedersachsen,NI
3358,201703358,2017,Landkreis Heidekreis,48.1,Niedersachsen,NI
3359,200903359,2009,Landkreis Stade,86.60000000000001,Niedersachsen,NI
3359,201303359,2013,Landkreis Stade,61.7,Niedersachsen,NI
3359,201703359,2017,Landkreis Stade,68.2,Niedersachsen,NI
3360,200903360,2009,Landkreis Uelzen,43.7,Niedersachsen,NI
3360,201303360,2013,Landkreis Uelzen,68.3,Niedersachsen,NI
3360,201703360,2017,Landkreis Uelzen,52.800000000000004,Niedersachsen,NI
3361,200903361,2009,Landkreis Verden,133.4,Niedersachsen,NI
3361,201303361,2013,Landkreis Verden,73.8,Niedersachsen,NI
3361,201703361,2017,Landkreis Verden,65.5,Niedersachsen,NI
3401,200903401,2009,Delmenhorst,114.80000000000001,Niedersachsen,NI
3401,201303401,2013,Delmenhorst,102.7,Niedersachsen,NI
3401,201703401,2017,Delmenhorst,185.4,Niedersachsen,NI
3402,200903402,2009,Emden,114.2,Niedersachsen,NI
3402,201303402,2013,Emden,97.80000000000001,Niedersachsen,NI
3402,201703402,2017,Emden,43.1,Niedersachsen,NI
3403,200903403,2009,Oldenburg,99.80000000000001,Niedersachsen,NI
3403,201303403,2013,Oldenburg,80.60000000000001,Niedersachsen,NI
3403,201703403,2017,Oldenburg,52.7,Niedersachsen,NI
3404,200903404,2009,Osnabrück,81.4,Niedersachsen,NI
3404,201303404,2013,Osnabrück,87.30000000000001,Niedersachsen,NI
3404,201703404,2017,Osnabrück,68.60000000000001,Niedersachsen,NI
3405,200903405,2009,Wilhelmshaven,102.2,Niedersachsen,NI
3405,201303405,2013,Wilhelmshaven,116.9,Niedersachsen,NI
3405,201703405,2017,Wilhelmshaven,47.0,Niedersachsen,NI
3451,200903451,2009,Landkreis Ammerland,95.80000000000001,Niedersachsen,NI
3451,201303451,2013,Landkreis Ammerland,83.30000000000001,Niedersachsen,NI
3451,201703451,2017,Landkreis Ammerland,65.3,Niedersachsen,NI
3452,200903452,2009,Landkreis Aurich,69.7,Niedersachsen,NI
3452,201303452,2013,Landkreis Aurich,75.0,Niedersachsen,NI
3452,201703452,2017,Landkreis Aurich,37.2,Niedersachsen,NI
3453,200903453,2009,Landkreis Cloppenburg,87.5,Niedersachsen,NI
3453,201303453,2013,Landkreis Cloppenburg,66.0,Niedersachsen,NI
3453,201703453,2017,Landkreis Cloppenburg,49.5,Niedersachsen,NI
3454,200903454,2009,Landkreis Emsland,96.10000000000001,Niedersachsen,NI
3454,201303454,2013,Landkreis Emsland,86.10000000000001,Niedersachsen,NI
3454,201703454,2017,Landkreis Emsland,60.1,Niedersachsen,NI
3455,200903455,2009,Landkreis Friesland,72.7,Niedersachsen,NI
3455,201303455,2013,Landkreis Friesland,44.1,Niedersachsen,NI
3455,201703455,2017,Landkreis Friesland,46.300000000000004,Niedersachsen,NI
3456,200903456,2009,Landkreis Grafschaft Bentheim,84.80000000000001,Niedersachsen,NI
3456,201303456,2013,Landkreis Grafschaft Bentheim,61.6,Niedersachsen,NI
3456,201703456,2017,Landkreis Grafschaft Bentheim,66.0,Niedersachsen,NI
3457,200903457,2009,Landkreis Leer,57.300000000000004,Niedersachsen,NI
3457,201303457,2013,Landkreis Leer,75.3,Niedersachsen,NI
3457,201703457,2017,Landkreis Leer,94.9,Niedersachsen,NI
3458,200903458,2009,Landkreis Oldenburg (Land),84.5,Niedersachsen,NI
3458,201303458,2013,Landkreis Oldenburg (Land),97.0,Niedersachsen,NI
3458,201703458,2017,Landkreis Oldenburg (Land),43.900000000000006,Niedersachsen,NI
3459,200903459,2009,Landkreis Osnabrück (Land),97.7,Niedersachsen,NI
3459,201303459,2013,Landkreis Osnabrück (Land),53.5,Niedersachsen,NI
3459,201703459,2017,Landkreis Osnabrück (Land),48.1,Niedersachsen,NI
3460,200903460,2009,Landkreis Vechta,58.900000000000006,Niedersachsen,NI
3460,201303460,2013,Landkreis Vechta,102.10000000000001,Niedersachsen,NI
3460,201703460,2017,Landkreis Vechta,15.8,Niedersachsen,NI
3461,200903461,2009,Landkreis Wesermarsch,107.0,Niedersachsen,NI
3461,201303461,2013,Landkreis Wesermarsch,142.3,Niedersachsen,NI
3461,201703461,2017,Landkreis Wesermarsch,92.0,Niedersachsen,NI
3462,200903462,2009,Landkreis Wittmund,72.3,Niedersachsen,NI
3462,201303462,2013,Landkreis Wittmund,47.6,Niedersachsen,NI
3462,201703462,2017,Landkreis Wittmund,50.800000000000004,Niedersachsen,NI
4011,200904011,2009,Bremen,105.10000000000001,Bremen,HB
4011,201304011,2013,Bremen,90.0,Bremen,HB
4011,201704011,2017,Bremen,62.300000000000004,Bremen,HB
4012,200904012,2009,Bremerhaven,158.4,Bremen,HB
4012,201304012,2013,Bremerhaven,178.10000000000002,Bremen,HB
4012,201704012,2017,Bremerhaven,103.0,Bremen,HB
5111,200905111,2009,Düsseldorf,152.4,Nordrhein-Westfalen,NW
5111,201305111,2013,Düsseldorf,99.5,Nordrhein-Westfalen,NW
5111,201705111,2017,Düsseldorf,84.7,Nordrhein-Westfalen,NW
5112,200905112,2009,Duisburg,206.10000000000002,Nordrhein-Westfalen,NW
5112,201305112,2013,Duisburg,209.3,Nordrhein-Westfalen,NW
5112,201705112,2017,Duisburg,112.2,Nordrhein-Westfalen,NW
5113,200905113,2009,Essen,215.60000000000002,Nordrhein-Westfalen,NW
5113,201305113,2013,Essen,142.70000000000002,Nordrhein-Westfalen,NW
5113,201705113,2017,Essen,103.9,Nordrhein-Westfalen,NW
5114,200905114,2009,Krefeld,204.9,Nordrhein-Westfalen,NW
5114,201305114,2013,Krefeld,130.8,Nordrhein-Westfalen,NW
5114,201705114,2017,Krefeld,85.60000000000001,Nordrhein-Westfalen,NW
5116,200905116,2009,Mönchengladbach,171.8,Nordrhein-Westfalen,NW
5116,201305116,2013,Mönchengladbach,149.6,Nordrhein-Westfalen,NW
5116,201705116,2017,Mönchengladbach,138.70000000000002,Nordrhein-Westfalen,NW
5117,200905117,2009,Mülheim an der Ruhr,171.70000000000002,Nordrhein-Westfalen,NW
5117,201305117,2013,Mülheim an der Ruhr,125.80000000000001,Nordrhein-Westfalen,NW
5117,201705117,2017,Mülheim an der Ruhr,76.2,Nordrhein-Westfalen,NW
5119,200905119,2009,Oberhausen,216.0,Nordrhein-Westfalen,NW
5119,201305119,2013,Oberhausen,186.60000000000002,Nordrhein-Westfalen,NW
5119,201705119,2017,Oberhausen,127.4,Nordrhein-Westfalen,NW
5120,200905120,2009,Remscheid,220.10000000000002,Nordrhein-Westfalen,NW
5120,201305120,2013,Remscheid,117.4,Nordrhein-Westfalen,NW
5120,201705120,2017,Remscheid,60.800000000000004,Nordrhein-Westfalen,NW
5122,200905122,2009,Solingen,154.70000000000002,Nordrhein-Westfalen,NW
5122,201305122,2013,Solingen,138.9,Nordrhein-Westfalen,NW
5122,201705122,2017,Solingen,113.30000000000001,Nordrhein-Westfalen,NW
5124,200905124,2009,Wuppertal,235.70000000000002,Nordrhein-Westfalen,NW
5124,201305124,2013,Wuppertal,159.10000000000002,Nordrhein-Westfalen,NW
5124,201705124,2017,Wuppertal,129.5,Nordrhein-Westfalen,NW
5154,200905154,2009,Kreis Kleve,115.5,Nordrhein-Westfalen,NW
5154,201305154,2013,Kreis Kleve,88.9,Nordrhein-Westfalen,NW
5154,201705154,2017,Kreis Kleve,55.900000000000006,Nordrhein-Westfalen,NW
5158,200905158,2009,Kreis Mettmann,161.0,Nordrhein-Westfalen,NW
5158,201305158,2013,Kreis Mettmann,127.30000000000001,Nordrhein-Westfalen,NW
5158,201705158,2017,Kreis Mettmann,91.5,Nordrhein-Westfalen,NW
5162,200905162,2009,Rhein-Kreis Neuss,161.10000000000002,Nordrhein-Westfalen,NW
5162,201305162,2013,Rhein-Kreis Neuss,124.7,Nordrhein-Westfalen,NW
5162,201705162,2017,Rhein-Kreis Neuss,73.0,Nordrhein-Westfalen,NW
5166,200905166,2009,Kreis Viersen,180.3,Nordrhein-Westfalen,NW
5166,201305166,2013,Kreis Viersen,124.80000000000001,Nordrhein-Westfalen,NW
5166,201705166,2017,Kreis Viersen,74.9,Nordrhein-Westfalen,NW
5170,200905170,2009,Kreis Wesel,184.10000000000002,Nordrhein-Westfalen,NW
5170,201305170,2013,Kreis Wesel,156.60000000000002,Nordrhein-Westfalen,NW
5170,201705170,2017,Kreis Wesel,76.60000000000001,Nordrhein-Westfalen,NW
5314,200905314,2009,Bonn,149.6,Nordrhein-Westfalen,NW
5314,201305314,2013,Bonn,97.0,Nordrhein-Westfalen,NW
5314,201705314,2017,Bonn,63.300000000000004,Nordrhein-Westfalen,NW
5315,200905315,2009,Köln,149.3,Nordrhein-Westfalen,NW
5315,201305315,2013,Köln,120.10000000000001,Nordrhein-Westfalen,NW
5315,201705315,2017,Köln,82.10000000000001,Nordrhein-Westfalen,NW
5316,200905316,2009,Leverkusen,207.20000000000002,Nordrhein-Westfalen,NW
5316,201305316,2013,Leverkusen,142.4,Nordrhein-Westfalen,NW
5316,201705316,2017,Leverkusen,100.9,Nordrhein-Westfalen,NW
5334,200905334,2009,Aachen,160.5,Nordrhein-Westfalen,NW
5334,201305334,2013,Aachen,132.70000000000002,Nordrhein-Westfalen,NW
5334,201705334,2017,Aachen,79.5,Nordrhein-Westfalen,NW
5354,200905354,2009,Kreis Aachen,,Nordrhein-Westfalen,NW
5354,201305354,2013,Kreis Aachen,,Nordrhein-Westfalen,NW
5354,201705354,2017,Kreis Aachen,,Nordrhein-Westfalen,NW
5358,200905358,2009,Kreis Düren,198.9,Nordrhein-Westfalen,NW
5358,201305358,2013,Kreis Düren,142.20000000000002,Nordrhein-Westfalen,NW
5358,201705358,2017,Kreis Düren,90.7,Nordrhein-Westfalen,NW
5362,200905362,2009,Rhein-Erft-Kreis,172.4,Nordrhein-Westfalen,NW
5362,201305362,2013,Rhein-Erft-Kreis,133.70000000000002,Nordrhein-Westfalen,NW
5362,201705362,2017,Rhein-Erft-Kreis,93.10000000000001,Nordrhein-Westfalen,NW
5366,200905366,2009,Kreis Euskirchen,190.4,Nordrhein-Westfalen,NW
5366,201305366,2013,Kreis Euskirchen,146.5,Nordrhein-Westfalen,NW
5366,201705366,2017,Kreis Euskirchen,62.800000000000004,Nordrhein-Westfalen,NW
5370,200905370,2009,Kreis Heinsberg,170.20000000000002,Nordrhein-Westfalen,NW
5370,201305370,2013,Kreis Heinsberg,132.6,Nordrhein-Westfalen,NW
5370,201705370,2017,Kreis Heinsberg,109.9,Nordrhein-Westfalen,NW
5374,200905374,2009,Oberbergischer Kreis,157.70000000000002,Nordrhein-Westfalen,NW
5374,201305374,2013,Oberbergischer Kreis,138.5,Nordrhein-Westfalen,NW
5374,201705374,2017,Oberbergischer Kreis,69.3,Nordrhein-Westfalen,NW
5378,200905378,2009,Rheinisch-Bergischer Kreis,137.0,Nordrhein-Westfalen,NW
5378,201305378,2013,Rheinisch-Bergischer Kreis,98.60000000000001,Nordrhein-Westfalen,NW
5378,201705378,2017,Rheinisch-Bergischer Kreis,51.300000000000004,Nordrhein-Westfalen,NW
5382,200905382,2009,Rhein-Sieg-Kreis,153.0,Nordrhein-Westfalen,NW
5382,201305382,2013,Rhein-Sieg-Kreis,116.60000000000001,Nordrhein-Westfalen,NW
5382,201705382,2017,Rhein-Sieg-Kreis,74.2,Nordrhein-Westfalen,NW
5512,200905512,2009,Bottrop,170.5,Nordrhein-Westfalen,NW
5512,201305512,2013,Bottrop,191.5,Nordrhein-Westfalen,NW
5512,201705512,2017,Bottrop,96.5,Nordrhein-Westfalen,NW
5513,200905513,2009,Gelsenkirchen,295.2,Nordrhein-Westfalen,NW
5513,201305513,2013,Gelsenkirchen,211.0,Nordrhein-Westfalen,NW
5513,201705513,2017,Gelsenkirchen,186.8,Nordrhein-Westfalen,NW
5515,200905515,2009,Münster,119.60000000000001,Nordrhein-Westfalen,NW
5515,201305515,2013,Münster,91.0,Nordrhein-Westfalen,NW
5515,201705515,2017,Münster,71.0,Nordrhein-Westfalen,NW
5554,200905554,2009,Kreis Borken,127.10000000000001,Nordrhein-Westfalen,NW
5554,201305554,2013,Kreis Borken,102.4,Nordrhein-Westfalen,NW
5554,201705554,2017,Kreis Borken,88.0,Nordrhein-Westfalen,NW
5558,200905558,2009,Kreis Coesfeld,119.60000000000001,Nordrhein-Westfalen,NW
5558,201305558,2013,Kreis Coesfeld,98.4,Nordrhein-Westfalen,NW
5558,201705558,2017,Kreis Coesfeld,63.300000000000004,Nordrhein-Westfalen,NW
5562,200905562,2009,Kreis Recklinghausen,158.60000000000002,Nordrhein-Westfalen,NW
5562,201305562,2013,Kreis Recklinghausen,148.8,Nordrhein-Westfalen,NW
5562,201705562,2017,Kreis Recklinghausen,119.9,Nordrhein-Westfalen,NW
5566,200905566,2009,Kreis Steinfurt,136.6,Nordrhein-Westfalen,NW
5566,201305566,2013,Kreis Steinfurt,112.7,Nordrhein-Westfalen,NW
5566,201705566,2017,Kreis Steinfurt,67.3,Nordrhein-Westfalen,NW
5570,200905570,2009,Kreis Warendorf,140.8,Nordrhein-Westfalen,NW
5570,201305570,2013,Kreis Warendorf,107.30000000000001,Nordrhein-Westfalen,NW
5570,201705570,2017,Kreis Warendorf,80.2,Nordrhein-Westfalen,NW
5711,200905711,2009,Bielefeld,209.20000000000002,Nordrhein-Westfalen,NW
5711,201305711,2013,Bielefeld,138.4,Nordrhein-Westfalen,NW
5711,201705711,2017,Bielefeld,110.80000000000001,Nordrhein-Westfalen,NW
5754,200905754,2009,Kreis Gütersloh,141.4,Nordrhein-Westfalen,NW
5754,201305754,2013,Kreis Gütersloh,108.2,Nordrhein-Westfalen,NW
5754,201705754,2017,Kreis Gütersloh,49.400000000000006,Nordrhein-Westfalen,NW
5758,200905758,2009,Kreis Herford,162.3,Nordrhein-Westfalen,NW
5758,201305758,2013,Kreis Herford,143.1,Nordrhein-Westfalen,NW
5758,201705758,2017,Kreis Herford,95.10000000000001,Nordrhein-Westfalen,NW
5762,200905762,2009,Kreis Höxter,108.5,Nordrhein-Westfalen,NW
5762,201305762,2013,Kreis Höxter,115.0,Nordrhein-Westfalen,NW
5762,201705762,2017,Kreis Höxter,54.800000000000004,Nordrhein-Westfalen,NW
5766,200905766,2009,Kreis Lippe,169.4,Nordrhein-Westfalen,NW
5766,201305766,2013,Kreis Lippe,151.6,Nordrhein-Westfalen,NW
5766,201705766,2017,Kreis Lippe,81.7,Nordrhein-Westfalen,NW
5770,200905770,2009,Kreis Minden-Lübbecke,215.5,Nordrhein-Westfalen,NW
5770,201305770,2013,Kreis Minden-Lübbecke,97.80000000000001,Nordrhein-Westfalen,NW
5770,201705770,2017,Kreis Minden-Lübbecke,61.0,Nordrhein-Westfalen,NW
5774,200905774,2009,Kreis Paderborn,166.0,Nordrhein-Westfalen,NW
5774,201305774,2013,Kreis Paderborn,97.5,Nordrhein-Westfalen,NW
5774,201705774,2017,Kreis Paderborn,73.7,Nordrhein-Westfalen,NW
5911,200905911,2009,Bochum,219.20000000000002,Nordrhein-Westfalen,NW
5911,201305911,2013,Bochum,181.5,Nordrhein-Westfalen,NW
5911,201705911,2017,Bochum,127.9,Nordrhein-Westfalen,NW
5913,200905913,2009,Dortmund,223.0,Nordrhein-Westfalen,NW
5913,201305913,2013,Dortmund,198.10000000000002,Nordrhein-Westfalen,NW
5913,201705913,2017,Dortmund,136.20000000000002,Nordrhein-Westfalen,NW
5914,200905914,2009,Hagen,134.1,Nordrhein-Westfalen,NW
5914,201305914,2013,Hagen,153.70000000000002,Nordrhein-Westfalen,NW
5914,201705914,2017,Hagen,101.60000000000001,Nordrhein-Westfalen,NW
5915,200905915,2009,Hamm,193.20000000000002,Nordrhein-Westfalen,NW
5915,201305915,2013,Hamm,163.4,Nordrhein-Westfalen,NW
5915,201705915,2017,Hamm,115.10000000000001,Nordrhein-Westfalen,NW
5916,200905916,2009,Herne,253.3,Nordrhein-Westfalen,NW
5916,201305916,2013,Herne,278.40000000000003,Nordrhein-Westfalen,NW
5916,201705916,2017,Herne,170.8,Nordrhein-Westfalen,NW
5954,200905954,2009,Ennepe-Ruhr-Kreis,121.5,Nordrhein-Westfalen,NW
5954,201305954,2013,Ennepe-Ruhr-Kreis,118.7,Nordrhein-Westfalen,NW
5954,201705954,2017,Ennepe-Ruhr-Kreis,95.30000000000001,Nordrhein-Westfalen,NW
5958,200905958,2009,Hochsauerlandkreis,107.9,Nordrhein-Westfalen,NW
5958,201305958,2013,Hochsauerlandkreis,109.2,Nordrhein-Westfalen,NW
5958,201705958,2017,Hochsauerlandkreis,77.2,Nordrhein-Westfalen,NW
5962,200905962,2009,Märkischer Kreis,165.9,Nordrhein-Westfalen,NW
5962,201305962,2013,Märkischer Kreis,134.0,Nordrhein-Westfalen,NW
5962,201705962,2017,Märkischer Kreis,71.0,Nordrhein-Westfalen,NW
5966,200905966,2009,Kreis Olpe,98.5,Nordrhein-Westfalen,NW
5966,201305966,2013,Kreis Olpe,94.7,Nordrhein-Westfalen,NW
5966,201705966,2017,Kreis Olpe,66.8,Nordrhein-Westfalen,NW
5970,200905970,2009,Kreis Siegen-Wittgenstein,106.4,Nordrhein-Westfalen,NW
5970,201305970,2013,Kreis Siegen-Wittgenstein,82.0,Nordrhein-Westfalen,NW
5970,201705970,2017,Kreis Siegen-Wittgenstein,67.3,Nordrhein-Westfalen,NW
5974,200905974,2009,Kreis Soest,165.3,Nordrhein-Westfalen,NW
5974,201305974,2013,Kreis Soest,110.30000000000001,Nordrhein-Westfalen,NW
5974,201705974,2017,Kreis Soest,71.8,Nordrhein-Westfalen,NW
5978,200905978,2009,Kreis Unna,194.20000000000002,Nordrhein-Westfalen,NW
5978,201305978,2013,Kreis Unna,145.9,Nordrhein-Westfalen,NW
5978,201705978,2017,Kreis Unna,96.7,Nordrhein-Westfalen,NW
6411,200906411,2009,Darmstadt,73.60000000000001,Hessen,HE
6411,201306411,2013,Darmstadt,54.400000000000006,Hessen,HE
6411,201706411,2017,Darmstadt,39.5,Hessen,HE
6412,200906412,2009,Frankfurt (Main),100.80000000000001,Hessen,HE
6412,201306412,2013,Frankfurt (Main),86.4,Hessen,HE
6412,201706412,2017,Frankfurt (Main),69.8,Hessen,HE
6413,200906413,2009,Offenbach am Main,121.2,Hessen,HE
6413,201306413,2013,Offenbach am Main,104.10000000000001,Hessen,HE
6413,201706413,2017,Offenbach am Main,100.80000000000001,Hessen,HE
6414,200906414,2009,Wiesbaden,57.300000000000004,Hessen,HE
6414,201306414,2013,Wiesbaden,82.2,Hessen,HE
6414,201706414,2017,Wiesbaden,58.1,Hessen,HE
6431,200906431,2009,Landkreis Bergstrasse,70.60000000000001,Hessen,HE
6431,201306431,2013,Landkreis Bergstrasse,57.5,Hessen,HE
6431,201706431,2017,Landkreis Bergstrasse,49.900000000000006,Hessen,HE
6432,200906432,2009,Landkreis Darmstadt-Dieburg,87.2,Hessen,HE
6432,201306432,2013,Landkreis Darmstadt-Dieburg,59.7,Hessen,HE
6432,201706432,2017,Landkreis Darmstadt-Dieburg,57.900000000000006,Hessen,HE
6433,200906433,2009,Landkreis Groß-Gerau,90.5,Hessen,HE
6433,201306433,2013,Landkreis Groß-Gerau,53.0,Hessen,HE
6433,201706433,2017,Landkreis Groß-Gerau,67.4,Hessen,HE
6434,200906434,2009,Hochtaunuskreis,60.1,Hessen,HE
6434,201306434,2013,Hochtaunuskreis,50.2,Hessen,HE
6434,201706434,2017,Hochtaunuskreis,50.5,Hessen,HE
6435,200906435,2009,Main-Kinzig-Kreis,79.5,Hessen,HE
6435,201306435,2013,Main-Kinzig-Kreis,65.5,Hessen,HE
6435,201706435,2017,Main-Kinzig-Kreis,55.900000000000006,Hessen,HE
6436,200906436,2009,Main-Taunus-Kreis,56.6,Hessen,HE
6436,201306436,2013,Main-Taunus-Kreis,40.800000000000004,Hessen,HE
6436,201706436,2017,Main-Taunus-Kreis,61.900000000000006,Hessen,HE
6437,200906437,2009,Odenwaldkreis,61.1,Hessen,HE
6437,201306437,2013,Odenwaldkreis,41.400000000000006,Hessen,HE
6437,201706437,2017,Odenwaldkreis,60.900000000000006,Hessen,HE
6438,200906438,2009,Landkreis Offenbach,73.8,Hessen,HE
6438,201306438,2013,Landkreis Offenbach,70.5,Hessen,HE
6438,201706438,2017,Landkreis Offenbach,61.0,Hessen,HE
6439,200906439,2009,Rheingau-Taunus-Kreis,50.1,Hessen,HE
6439,201306439,2013,Rheingau-Taunus-Kreis,59.2,Hessen,HE
6439,201706439,2017,Rheingau-Taunus-Kreis,62.400000000000006,Hessen,HE
6440,200906440,2009,Wetteraukreis,78.5,Hessen,HE
6440,201306440,2013,Wetteraukreis,61.6,Hessen,HE
6440,201706440,2017,Wetteraukreis,52.1,Hessen,HE
6531,200906531,2009,Landkreis Gießen,84.2,Hessen,HE
6531,201306531,2013,Landkreis Gießen,45.0,Hessen,HE
6531,201706531,2017,Landkreis Gießen,37.300000000000004,Hessen,HE
6532,200906532,2009,Lahn-Dill Kreis,90.10000000000001,Hessen,HE
6532,201306532,2013,Lahn-Dill Kreis,41.300000000000004,Hessen,HE
6532,201706532,2017,Lahn-Dill Kreis,42.900000000000006,Hessen,HE
6533,200906533,2009,Landkreis Limburg-Weilburg,113.60000000000001,Hessen,HE
6533,201306533,2013,Landkreis Limburg-Weilburg,69.4,Hessen,HE
6533,201706533,2017,Landkreis Limburg-Weilburg,53.800000000000004,Hessen,HE
6534,200906534,2009,Landkreis Marburg-Biedenkopf,69.4,Hessen,HE
6534,201306534,2013,Landkreis Marburg-Biedenkopf,53.900000000000006,Hessen,HE
6534,201706534,2017,Landkreis Marburg-Biedenkopf,51.300000000000004,Hessen,HE
6535,200906535,2009,Vogelsbergkreis,48.300000000000004,Hessen,HE
6535,201306535,2013,Vogelsbergkreis,50.2,Hessen,HE
6535,201706535,2017,Vogelsbergkreis,36.0,Hessen,HE
6611,200906611,2009,Kassel,96.4,Hessen,HE
6611,201306611,2013,Kassel,75.7,Hessen,HE
6611,201706611,2017,Kassel,80.60000000000001,Hessen,HE
6631,200906631,2009,Landkreis Fulda,66.7,Hessen,HE
6631,201306631,2013,Landkreis Fulda,57.0,Hessen,HE
6631,201706631,2017,Landkreis Fulda,28.700000000000003,Hessen,HE
6632,200906632,2009,Landkreis Hersfeld-Rotenburg,87.9,Hessen,HE
6632,201306632,2013,Landkreis Hersfeld-Rotenburg,67.10000000000001,Hessen,HE
6632,201706632,2017,Landkreis Hersfeld-Rotenburg,78.2,Hessen,HE
6633,200906633,2009,Landkreis Kassel (Land),77.80000000000001,Hessen,HE
6633,201306633,2013,Landkreis Kassel (Land),78.0,Hessen,HE
6633,201706633,2017,Landkreis Kassel (Land),65.60000000000001,Hessen,HE
6634,200906634,2009,Schwalm-Eder Kreis,59.900000000000006,Hessen,HE
6634,201306634,2013,Schwalm-Eder Kreis,66.0,Hessen,HE
6634,201706634,2017,Schwalm-Eder Kreis,51.1,Hessen,HE
6635,200906635,2009,Landkreis Waldeck-Frankenberg,84.80000000000001,Hessen,HE
6635,201306635,2013,Landkreis Waldeck-Frankenberg,57.5,Hessen,HE
6635,201706635,2017,Landkreis Waldeck-Frankenberg,54.400000000000006,Hessen,HE
6636,200906636,2009,Werra-Meißner Kreis,97.4,Hessen,HE
6636,201306636,2013,Werra-Meißner Kreis,101.10000000000001,Hessen,HE
6636,201706636,2017,Werra-Meißner Kreis,32.7,Hessen,HE
7111,200907111,2009,Koblenz,132.8,Rheinland-Pfalz,RP
7111,201307111,2013,Koblenz,106.2,Rheinland-Pfalz,RP
7111,201707111,2017,Koblenz,68.7,Rheinland-Pfalz,RP
7131,200907131,2009,Landkreis Ahrweiler,52.800000000000004,Rheinland-Pfalz,RP
7131,201307131,2013,Landkreis Ahrweiler,68.0,Rheinland-Pfalz,RP
7131,201707131,2017,Landkreis Ahrweiler,83.30000000000001,Rheinland-Pfalz,RP
7132,200907132,2009,Landkreis Altenkirchen (Westerwald),64.60000000000001,Rheinland-Pfalz,RP
7132,201307132,2013,Landkreis Altenkirchen (Westerwald),70.9,Rheinland-Pfalz,RP
7132,201707132,2017,Landkreis Altenkirchen (Westerwald),82.30000000000001,Rheinland-Pfalz,RP
7133,200907133,2009,Landkreis Bad Kreuznach,114.80000000000001,Rheinland-Pfalz,RP
7133,201307133,2013,Landkreis Bad Kreuznach,96.5,Rheinland-Pfalz,RP
7133,201707133,2017,Landkreis Bad Kreuznach,62.800000000000004,Rheinland-Pfalz,RP
7134,200907134,2009,Landkreis Birkenfeld,74.10000000000001,Rheinland-Pfalz,RP
7134,201307134,2013,Landkreis Birkenfeld,133.4,Rheinland-Pfalz,RP
7134,201707134,2017,Landkreis Birkenfeld,57.1,Rheinland-Pfalz,RP
7135,200907135,2009,Landkreis Cochem-Zell,82.10000000000001,Rheinland-Pfalz,RP
7135,201307135,2013,Landkreis Cochem-Zell,33.800000000000004,Rheinland-Pfalz,RP
7135,201707135,2017,Landkreis Cochem-Zell,26.5,Rheinland-Pfalz,RP
7137,200907137,2009,Landkreis Mayen-Koblenz,103.7,Rheinland-Pfalz,RP
7137,201307137,2013,Landkreis Mayen-Koblenz,87.7,Rheinland-Pfalz,RP
7137,201707137,2017,Landkreis Mayen-Koblenz,42.0,Rheinland-Pfalz,RP
7138,200907138,2009,Landkreis Neuwied,161.60000000000002,Rheinland-Pfalz,RP
7138,201307138,2013,Landkreis Neuwied,99.10000000000001,Rheinland-Pfalz,RP
7138,201707138,2017,Landkreis Neuwied,58.300000000000004,Rheinland-Pfalz,RP
7140,200907140,2009,Rhein-Hunsrück-Kreis,103.2,Rheinland-Pfalz,RP
7140,201307140,2013,Rhein-Hunsrück-Kreis,73.60000000000001,Rheinland-Pfalz,RP
7140,201707140,2017,Rhein-Hunsrück-Kreis,27.8,Rheinland-Pfalz,RP
7141,200907141,2009,Rhein-Lahn-Kreis,122.10000000000001,Rheinland-Pfalz,RP
7141,201307141,2013,Rhein-Lahn-Kreis,83.2,Rheinland-Pfalz,RP
7141,201707141,2017,Rhein-Lahn-Kreis,50.1,Rheinland-Pfalz,RP
7143,200907143,2009,Westerwaldkreis,92.7,Rheinland-Pfalz,RP
7143,201307143,2013,Westerwaldkreis,64.2,Rheinland-Pfalz,RP
7143,201707143,2017,Westerwaldkreis,48.2,Rheinland-Pfalz,RP
7211,200907211,2009,Trier,46.0,Rheinland-Pfalz,RP
7211,201307211,2013,Trier,55.900000000000006,Rheinland-Pfalz,RP
7211,201707211,2017,Trier,44.300000000000004,Rheinland-Pfalz,RP
7231,200907231,2009,Landkreis Bernkastel-Wittlich,112.2,Rheinland-Pfalz,RP
7231,201307231,2013,Landkreis Bernkastel-Wittlich,63.1,Rheinland-Pfalz,RP
7231,201707231,2017,Landkreis Bernkastel-Wittlich,41.7,Rheinland-Pfalz,RP
7232,200907232,2009,Eifelkreis Bitburg-Prüm,95.30000000000001,Rheinland-Pfalz,RP
7232,201307232,2013,Eifelkreis Bitburg-Prüm,76.9,Rheinland-Pfalz,RP
7232,201707232,2017,Eifelkreis Bitburg-Prüm,45.900000000000006,Rheinland-Pfalz,RP
7233,200907233,2009,Landkreis Vulkaneifel,99.5,Rheinland-Pfalz,RP
7233,201307233,2013,Landkreis Vulkaneifel,67.8,Rheinland-Pfalz,RP
7233,201707233,2017,Landkreis Vulkaneifel,40.800000000000004,Rheinland-Pfalz,RP
7235,200907235,2009,Landkreis Trier-Saarburg,47.900000000000006,Rheinland-Pfalz,RP
7235,201307235,2013,Landkreis Trier-Saarburg,28.200000000000003,Rheinland-Pfalz,RP
7235,201707235,2017,Landkreis Trier-Saarburg,28.1,Rheinland-Pfalz,RP
7311,200907311,2009,Frankenthal (Pfalz),112.0,Rheinland-Pfalz,RP
7311,201307311,2013,Frankenthal (Pfalz),54.2,Rheinland-Pfalz,RP
7311,201707311,2017,Frankenthal (Pfalz),42.400000000000006,Rheinland-Pfalz,RP
7312,200907312,2009,Kaiserslautern,112.80000000000001,Rheinland-Pfalz,RP
7312,201307312,2013,Kaiserslautern,89.30000000000001,Rheinland-Pfalz,RP
7312,201707312,2017,Kaiserslautern,49.800000000000004,Rheinland-Pfalz,RP
7313,200907313,2009,Landau in der Pfalz,38.1,Rheinland-Pfalz,RP
7313,201307313,2013,Landau in der Pfalz,48.900000000000006,Rheinland-Pfalz,RP
7313,201707313,2017,Landau in der Pfalz,33.7,Rheinland-Pfalz,RP
7314,200907314,2009,Ludwigshafen am Rhein,95.2,Rheinland-Pfalz,RP
7314,201307314,2013,Ludwigshafen am Rhein,63.7,Rheinland-Pfalz,RP
7314,201707314,2017,Ludwigshafen am Rhein,69.10000000000001,Rheinland-Pfalz,RP
7315,200907315,2009,Mainz,94.30000000000001,Rheinland-Pfalz,RP
7315,201307315,2013,Mainz,59.5,Rheinland-Pfalz,RP
7315,201707315,2017,Mainz,44.800000000000004,Rheinland-Pfalz,RP
7316,200907316,2009,Neustadt an der Weinstrasse,72.60000000000001,Rheinland-Pfalz,RP
7316,201307316,2013,Neustadt an der Weinstrasse,41.1,Rheinland-Pfalz,RP
7316,201707316,2017,Neustadt an der Weinstrasse,58.7,Rheinland-Pfalz,RP
7317,200907317,2009,Pirmasens,57.900000000000006,Rheinland-Pfalz,RP
7317,201307317,2013,Pirmasens,61.0,Rheinland-Pfalz,RP
7317,201707317,2017,Pirmasens,50.400000000000006,Rheinland-Pfalz,RP
7318,200907318,2009,Speyer,81.5,Rheinland-Pfalz,RP
7318,201307318,2013,Speyer,32.2,Rheinland-Pfalz,RP
7318,201707318,2017,Speyer,46.5,Rheinland-Pfalz,RP
7319,200907319,2009,Worms,187.9,Rheinland-Pfalz,RP
7319,201307319,2013,Worms,111.0,Rheinland-Pfalz,RP
7319,201707319,2017,Worms,40.800000000000004,Rheinland-Pfalz,RP
7320,200907320,2009,Zweibrücken,133.20000000000002,Rheinland-Pfalz,RP
7320,201307320,2013,Zweibrücken,88.9,Rheinland-Pfalz,RP
7320,201707320,2017,Zweibrücken,36.0,Rheinland-Pfalz,RP
7331,200907331,2009,Landkreis Alzey-Worms,51.6,Rheinland-Pfalz,RP
7331,201307331,2013,Landkreis Alzey-Worms,59.800000000000004,Rheinland-Pfalz,RP
7331,201707331,2017,Landkreis Alzey-Worms,22.400000000000002,Rheinland-Pfalz,RP
7332,200907332,2009,Landkreis Bad Dürkheim,39.0,Rheinland-Pfalz,RP
7332,201307332,2013,Landkreis Bad Dürkheim,48.900000000000006,Rheinland-Pfalz,RP
7332,201707332,2017,Landkreis Bad Dürkheim,31.200000000000003,Rheinland-Pfalz,RP
7333,200907333,2009,Donnersbergkreis,102.5,Rheinland-Pfalz,RP
7333,201307333,2013,Donnersbergkreis,24.700000000000003,Rheinland-Pfalz,RP
7333,201707333,2017,Donnersbergkreis,8.3,Rheinland-Pfalz,RP
7334,200907334,2009,Landkreis Germersheim,40.400000000000006,Rheinland-Pfalz,RP
7334,201307334,2013,Landkreis Germersheim,84.2,Rheinland-Pfalz,RP
7334,201707334,2017,Landkreis Germersheim,49.1,Rheinland-Pfalz,RP
7335,200907335,2009,Landkreis Kaiserslautern (Land),139.8,Rheinland-Pfalz,RP
7335,201307335,2013,Landkreis Kaiserslautern (Land),52.800000000000004,Rheinland-Pfalz,RP
7335,201707335,2017,Landkreis Kaiserslautern (Land),40.5,Rheinland-Pfalz,RP
7336,200907336,2009,Landkreis Kusel,60.900000000000006,Rheinland-Pfalz,RP
7336,201307336,2013,Landkreis Kusel,58.300000000000004,Rheinland-Pfalz,RP
7336,201707336,2017,Landkreis Kusel,69.5,Rheinland-Pfalz,RP
7337,200907337,2009,Landkreis Südliche Weinstrasse,47.300000000000004,Rheinland-Pfalz,RP
7337,201307337,2013,Landkreis Südliche Weinstrasse,42.7,Rheinland-Pfalz,RP
7337,201707337,2017,Landkreis Südliche Weinstrasse,40.800000000000004,Rheinland-Pfalz,RP
7338,200907338,2009,Rhein-Pfalz-Kreis,55.400000000000006,Rheinland-Pfalz,RP
7338,201307338,2013,Rhein-Pfalz-Kreis,60.800000000000004,Rheinland-Pfalz,RP
7338,201707338,2017,Rhein-Pfalz-Kreis,20.200000000000003,Rheinland-Pfalz,RP
7339,200907339,2009,Landkreis Mainz-Bingen,93.2,Rheinland-Pfalz,RP
7339,201307339,2013,Landkreis Mainz-Bingen,64.7,Rheinland-Pfalz,RP
7339,201707339,2017,Landkreis Mainz-Bingen,33.5,Rheinland-Pfalz,RP
7340,200907340,2009,Landkreis Südwestpfalz,84.0,Rheinland-Pfalz,RP
7340,201307340,2013,Landkreis Südwestpfalz,55.6,Rheinland-Pfalz,RP
7340,201707340,2017,Landkreis Südwestpfalz,43.5,Rheinland-Pfalz,RP
8111,200908111,2009,Stuttgart,68.9,Baden-Württemberg,BW
8111,201308111,2013,Stuttgart,42.800000000000004,Baden-Württemberg,BW
8111,201708111,2017,Stuttgart,40.5,Baden-Württemberg,BW
8115,200908115,2009,Landkreis Böblingen,50.7,Baden-Württemberg,BW
8115,201308115,2013,Landkreis Böblingen,50.400000000000006,Baden-Württemberg,BW
8115,201708115,2017,Landkreis Böblingen,43.900000000000006,Baden-Württemberg,BW
8116,200908116,2009,Landkreis Esslingen,76.80000000000001,Baden-Württemberg,BW
8116,201308116,2013,Landkreis Esslingen,67.60000000000001,Baden-Württemberg,BW
8116,201708116,2017,Landkreis Esslingen,43.5,Baden-Württemberg,BW
8117,200908117,2009,Landkreis Göppingen,98.5,Baden-Württemberg,BW
8117,201308117,2013,Landkreis Göppingen,65.3,Baden-Württemberg,BW
8117,201708117,2017,Landkreis Göppingen,46.900000000000006,Baden-Württemberg,BW
8118,200908118,2009,Landkreis Ludwigsburg,70.10000000000001,Baden-Württemberg,BW
8118,201308118,2013,Landkreis Ludwigsburg,54.400000000000006,Baden-Württemberg,BW
8118,201708118,2017,Landkreis Ludwigsburg,56.900000000000006,Baden-Württemberg,BW
8119,200908119,2009,Rems-Murr-Kreis,73.4,Baden-Württemberg,BW
8119,201308119,2013,Rems-Murr-Kreis,47.2,Baden-Württemberg,BW
8119,201708119,2017,Rems-Murr-Kreis,43.2,Baden-Württemberg,BW
8121,200908121,2009,Heilbronn,78.60000000000001,Baden-Württemberg,BW
8121,201308121,2013,Heilbronn,86.30000000000001,Baden-Württemberg,BW
8121,201708121,2017,Heilbronn,37.300000000000004,Baden-Württemberg,BW
8125,200908125,2009,Landkreis Heilbronn (Land),71.3,Baden-Württemberg,BW
8125,201308125,2013,Landkreis Heilbronn (Land),47.6,Baden-Württemberg,BW
8125,201708125,2017,Landkreis Heilbronn (Land),34.1,Baden-Württemberg,BW
8126,200908126,2009,Hohenlohekreis,38.7,Baden-Württemberg,BW
8126,201308126,2013,Hohenlohekreis,38.6,Baden-Württemberg,BW
8126,201708126,2017,Hohenlohekreis,15.5,Baden-Württemberg,BW
8127,200908127,2009,Landkreis Schwäbisch Hall,82.0,Baden-Württemberg,BW
8127,201308127,2013,Landkreis Schwäbisch Hall,29.8,Baden-Württemberg,BW
8127,201708127,2017,Landkreis Schwäbisch Hall,32.9,Baden-Württemberg,BW
8128,200908128,2009,Main-Tauber-Kreis,97.4,Baden-Württemberg,BW
8128,201308128,2013,Main-Tauber-Kreis,42.5,Baden-Württemberg,BW
8128,201708128,2017,Main-Tauber-Kreis,34.9,Baden-Württemberg,BW
8135,200908135,2009,Landkreis Heidenheim,107.5,Baden-Württemberg,BW
8135,201308135,2013,Landkreis Heidenheim,33.6,Baden-Württemberg,BW
8135,201708135,2017,Landkreis Heidenheim,60.1,Baden-Württemberg,BW
8136,200908136,2009,Ostalbkreis,91.4,Baden-Württemberg,BW
8136,201308136,2013,Ostalbkreis,57.6,Baden-Württemberg,BW
8136,201708136,2017,Ostalbkreis,39.1,Baden-Württemberg,BW
8211,200908211,2009,Baden-Baden,81.5,Baden-Württemberg,BW
8211,201308211,2013,Baden-Baden,61.300000000000004,Baden-Württemberg,BW
8211,201708211,2017,Baden-Baden,53.1,Baden-Württemberg,BW
8212,200908212,2009,Karlsruhe,45.300000000000004,Baden-Württemberg,BW
8212,201308212,2013,Karlsruhe,41.400000000000006,Baden-Württemberg,BW
8212,201708212,2017,Karlsruhe,62.900000000000006,Baden-Württemberg,BW
8215,200908215,2009,Landkreis Karlsruhe (Land),58.7,Baden-Württemberg,BW
8215,201308215,2013,Landkreis Karlsruhe (Land),37.4,Baden-Württemberg,BW
8215,201708215,2017,Landkreis Karlsruhe (Land),40.2,Baden-Württemberg,BW
8216,200908216,2009,Landkreis Rastatt,71.9,Baden-Württemberg,BW
8216,201308216,2013,Landkreis Rastatt,63.400000000000006,Baden-Württemberg,BW
8216,201708216,2017,Landkreis Rastatt,36.800000000000004,Baden-Württemberg,BW
8221,200908221,2009,Heidelberg,58.6,Baden-Württemberg,BW
8221,201308221,2013,Heidelberg,47.7,Baden-Württemberg,BW
8221,201708221,2017,Heidelberg,27.0,Baden-Württemberg,BW
8222,200908222,2009,Mannheim,80.0,Baden-Württemberg,BW
8222,201308222,2013,Mannheim,60.7,Baden-Württemberg,BW
8222,201708222,2017,Mannheim,84.4,Baden-Württemberg,BW
8225,200908225,2009,Neckar-Odenwald-Kreis,89.2,Baden-Württemberg,BW
8225,201308225,2013,Neckar-Odenwald-Kreis,68.9,Baden-Württemberg,BW
8225,201708225,2017,Neckar-Odenwald-Kreis,38.800000000000004,Baden-Württemberg,BW
8226,200908226,2009,Rhein-Neckar-Kreis,64.2,Baden-Württemberg,BW
8226,201308226,2013,Rhein-Neckar-Kreis,45.2,Baden-Württemberg,BW
8226,201708226,2017,Rhein-Neckar-Kreis,46.7,Baden-Württemberg,BW
8231,200908231,2009,Pforzheim,116.60000000000001,Baden-Württemberg,BW
8231,201308231,2013,Pforzheim,47.1,Baden-Württemberg,BW
8231,201708231,2017,Pforzheim,85.7,Baden-Württemberg,BW
8235,200908235,2009,Landkreis Calw,63.0,Baden-Württemberg,BW
8235,201308235,2013,Landkreis Calw,41.0,Baden-Württemberg,BW
8235,201708235,2017,Landkreis Calw,27.200000000000003,Baden-Württemberg,BW
8236,200908236,2009,Enzkreis,77.4,Baden-Württemberg,BW
8236,201308236,2013,Enzkreis,45.400000000000006,Baden-Württemberg,BW
8236,201708236,2017,Enzkreis,37.2,Baden-Württemberg,BW
8237,200908237,2009,Landkreis Freudenstadt,49.2,Baden-Württemberg,BW
8237,201308237,2013,Landkreis Freudenstadt,34.0,Baden-Württemberg,BW
8237,201708237,2017,Landkreis Freudenstadt,18.900000000000002,Baden-Württemberg,BW
8311,200908311,2009,Freiburg im Breisgau,57.5,Baden-Württemberg,BW
8311,201308311,2013,Freiburg im Breisgau,42.900000000000006,Baden-Württemberg,BW
8311,201708311,2017,Freiburg im Breisgau,25.700000000000003,Baden-Württemberg,BW
8315,200908315,2009,Landkreis Breisgau-Hochschwarzwald,48.400000000000006,Baden-Württemberg,BW
8315,201308315,2013,Landkreis Breisgau-Hochschwarzwald,22.200000000000003,Baden-Württemberg,BW
8315,201708315,2017,Landkreis Breisgau-Hochschwarzwald,32.7,Baden-Württemberg,BW
8316,200908316,2009,Landkreis Emmendingen,73.9,Baden-Württemberg,BW
8316,201308316,2013,Landkreis Emmendingen,35.300000000000004,Baden-Württemberg,BW
8316,201708316,2017,Landkreis Emmendingen,27.5,Baden-Württemberg,BW
8317,200908317,2009,Ortenaukreis,74.10000000000001,Baden-Württemberg,BW
8317,201308317,2013,Ortenaukreis,40.400000000000006,Baden-Württemberg,BW
8317,201708317,2017,Ortenaukreis,43.400000000000006,Baden-Württemberg,BW
8325,200908325,2009,Landkreis Rottweil,63.400000000000006,Baden-Württemberg,BW
8325,201308325,2013,Landkreis Rottweil,54.800000000000004,Baden-Württemberg,BW
8325,201708325,2017,Landkreis Rottweil,47.400000000000006,Baden-Württemberg,BW
8326,200908326,2009,Schwarzwald-Baar-Kreis,85.60000000000001,Baden-Württemberg,BW
8326,201308326,2013,Schwarzwald-Baar-Kreis,44.2,Baden-Württemberg,BW
8326,201708326,2017,Schwarzwald-Baar-Kreis,54.900000000000006,Baden-Württemberg,BW
8327,200908327,2009,Landkreis Tuttlingen,58.6,Baden-Württemberg,BW
8327,201308327,2013,Landkreis Tuttlingen,49.7,Baden-Württemberg,BW
8327,201708327,2017,Landkreis Tuttlingen,60.7,Baden-Württemberg,BW
8335,200908335,2009,Landkreis Konstanz,56.300000000000004,Baden-Württemberg,BW
8335,201308335,2013,Landkreis Konstanz,31.3,Baden-Württemberg,BW
8335,201708335,2017,Landkreis Konstanz,31.1,Baden-Württemberg,BW
8336,200908336,2009,Landkreis Lörrach,70.8,Baden-Württemberg,BW
8336,201308336,2013,Landkreis Lörrach,25.3,Baden-Württemberg,BW
8336,201708336,2017,Landkreis Lörrach,43.6,Baden-Württemberg,BW
8337,200908337,2009,Landkreis Waldshut,40.800000000000004,Baden-Württemberg,BW
8337,201308337,2013,Landkreis Waldshut,30.1,Baden-Württemberg,BW
8337,201708337,2017,Landkreis Waldshut,18.5,Baden-Württemberg,BW
8415,200908415,2009,Landkreis Reutlingen,49.6,Baden-Württemberg,BW
8415,201308415,2013,Landkreis Reutlingen,28.200000000000003,Baden-Württemberg,BW
8415,201708415,2017,Landkreis Reutlingen,29.400000000000002,Baden-Württemberg,BW
8416,200908416,2009,Landkreis Tübingen,66.5,Baden-Württemberg,BW
8416,201308416,2013,Landkreis Tübingen,38.800000000000004,Baden-Württemberg,BW
8416,201708416,2017,Landkreis Tübingen,30.5,Baden-Württemberg,BW
8417,200908417,2009,Zollernalbkreis,56.2,Baden-Württemberg,BW
8417,201308417,2013,Zollernalbkreis,49.7,Baden-Württemberg,BW
8417,201708417,2017,Zollernalbkreis,30.5,Baden-Württemberg,BW
8421,200908421,2009,Ulm,49.1,Baden-Württemberg,BW
8421,201308421,2013,Ulm,56.300000000000004,Baden-Württemberg,BW
8421,201708421,2017,Ulm,38.1,Baden-Württemberg,BW
8425,200908425,2009,Alb-Donau-Kreis,31.900000000000002,Baden-Württemberg,BW
8425,201308425,2013,Alb-Donau-Kreis,33.0,Baden-Württemberg,BW
8425,201708425,2017,Alb-Donau-Kreis,28.1,Baden-Württemberg,BW
8426,200908426,2009,Landkreis Biberach,36.6,Baden-Württemberg,BW
8426,201308426,2013,Landkreis Biberach,27.3,Baden-Württemberg,BW
8426,201708426,2017,Landkreis Biberach,35.4,Baden-Württemberg,BW
8435,200908435,2009,Bodenseekreis,48.1,Baden-Württemberg,BW
8435,201308435,2013,Bodenseekreis,28.200000000000003,Baden-Württemberg,BW
8435,201708435,2017,Bodenseekreis,38.6,Baden-Württemberg,BW
8436,200908436,2009,Landkreis Ravensburg,25.6,Baden-Württemberg,BW
8436,201308436,2013,Landkreis Ravensburg,33.4,Baden-Württemberg,BW
8436,201708436,2017,Landkreis Ravensburg,43.7,Baden-Württemberg,BW
8437,200908437,2009,Landkreis Sigmaringen,66.4,Baden-Württemberg,BW
8437,201308437,2013,Landkreis Sigmaringen,24.900000000000002,Baden-Württemberg,BW
8437,201708437,2017,Landkreis Sigmaringen,33.6,Baden-Württemberg,BW
9161,200909161,2009,Ingolstadt,121.60000000000001,Bayern,BY
9161,201309161,2013,Ingolstadt,82.5,Bayern,BY
9161,201709161,2017,Ingolstadt,53.1,Bayern,BY
9162,200909162,2009,München,63.7,Bayern,BY
9162,201309162,2013,München,54.400000000000006,Bayern,BY
9162,201709162,2017,München,47.300000000000004,Bayern,BY
9163,200909163,2009,Rosenheim,45.0,Bayern,BY
9163,201309163,2013,Rosenheim,55.900000000000006,Bayern,BY
9163,201709163,2017,Rosenheim,58.400000000000006,Bayern,BY
9171,200909171,2009,Landkreis Altötting,51.400000000000006,Bayern,BY
9171,201309171,2013,Landkreis Altötting,54.0,Bayern,BY
9171,201709171,2017,Landkreis Altötting,50.900000000000006,Bayern,BY
9172,200909172,2009,Landkreis Berchtesgadener Land,51.1,Bayern,BY
9172,201309172,2013,Landkreis Berchtesgadener Land,45.900000000000006,Bayern,BY
9172,201709172,2017,Landkreis Berchtesgadener Land,38.900000000000006,Bayern,BY
9173,200909173,2009,Landkreis Bad Tölz-Wolfratshausen,66.60000000000001,Bayern,BY
9173,201309173,2013,Landkreis Bad Tölz-Wolfratshausen,45.7,Bayern,BY
9173,201709173,2017,Landkreis Bad Tölz-Wolfratshausen,27.700000000000003,Bayern,BY
9174,200909174,2009,Landkreis Dachau,60.800000000000004,Bayern,BY
9174,201309174,2013,Landkreis Dachau,24.900000000000002,Bayern,BY
9174,201709174,2017,Landkreis Dachau,43.6,Bayern,BY
9175,200909175,2009,Landkreis Ebersberg,59.800000000000004,Bayern,BY
9175,201309175,2013,Landkreis Ebersberg,34.4,Bayern,BY
9175,201709175,2017,Landkreis Ebersberg,26.900000000000002,Bayern,BY
9176,200909176,2009,Landkreis Eichstätt,81.4,Bayern,BY
9176,201309176,2013,Landkreis Eichstätt,44.2,Bayern,BY
9176,201709176,2017,Landkreis Eichstätt,17.3,Bayern,BY
9177,200909177,2009,Landkreis Erding,51.6,Bayern,BY
9177,201309177,2013,Landkreis Erding,36.9,Bayern,BY
9177,201709177,2017,Landkreis Erding,44.300000000000004,Bayern,BY
9178,200909178,2009,Landkreis Freising,58.0,Bayern,BY
9178,201309178,2013,Landkreis Freising,53.2,Bayern,BY
9178,201709178,2017,Landkreis Freising,49.300000000000004,Bayern,BY
9179,200909179,2009,Landkreis Fürstenfeldbruck,60.300000000000004,Bayern,BY
9179,201309179,2013,Landkreis Fürstenfeldbruck,39.400000000000006,Bayern,BY
9179,201709179,2017,Landkreis Fürstenfeldbruck,51.300000000000004,Bayern,BY
9180,200909180,2009,Landkreis Garmisch-Partenkirchen,37.4,Bayern,BY
9180,201309180,2013,Landkreis Garmisch-Partenkirchen,34.5,Bayern,BY
9180,201709180,2017,Landkreis Garmisch-Partenkirchen,32.2,Bayern,BY
9181,200909181,2009,Landkreis Landsberg am Lech,75.2,Bayern,BY
9181,201309181,2013,Landkreis Landsberg am Lech,36.800000000000004,Bayern,BY
9181,201709181,2017,Landkreis Landsberg am Lech,34.5,Bayern,BY
9182,200909182,2009,Landkreis Miesbach,42.1,Bayern,BY
9182,201309182,2013,Landkreis Miesbach,42.900000000000006,Bayern,BY
9182,201709182,2017,Landkreis Miesbach,45.5,Bayern,BY
9183,200909183,2009,Landkreis Mühldorf am Inn,52.300000000000004,Bayern,BY
9183,201309183,2013,Landkreis Mühldorf am Inn,59.800000000000004,Bayern,BY
9183,201709183,2017,Landkreis Mühldorf am Inn,42.300000000000004,Bayern,BY
9184,200909184,2009,Landkreis München (Land),69.7,Bayern,BY
9184,201309184,2013,Landkreis München (Land),59.1,Bayern,BY
9184,201709184,2017,Landkreis München (Land),42.1,Bayern,BY
9185,200909185,2009,Landkreis Neuburg-Schrobenhausen,83.80000000000001,Bayern,BY
9185,201309185,2013,Landkreis Neuburg-Schrobenhausen,22.200000000000003,Bayern,BY
9185,201709185,2017,Landkreis Neuburg-Schrobenhausen,31.700000000000003,Bayern,BY
9186,200909186,2009,Landkreis Pfaffenhofen an der Ilm,135.20000000000002,Bayern,BY
9186,201309186,2013,Landkreis Pfaffenhofen an der Ilm,54.1,Bayern,BY
9186,201709186,2017,Landkreis Pfaffenhofen an der Ilm,36.1,Bayern,BY
9187,200909187,2009,Landkreis Rosenheim (Land),49.6,Bayern,BY
9187,201309187,2013,Landkreis Rosenheim (Land),39.300000000000004,Bayern,BY
9187,201709187,2017,Landkreis Rosenheim (Land),33.9,Bayern,BY
9188,200909188,2009,Landkreis Starnberg,75.3,Bayern,BY
9188,201309188,2013,Landkreis Starnberg,30.3,Bayern,BY
9188,201709188,2017,Landkreis Starnberg,28.0,Bayern,BY
9189,200909189,2009,Landkreis Traunstein,58.2,Bayern,BY
9189,201309189,2013,Landkreis Traunstein,30.1,Bayern,BY
9189,201709189,2017,Landkreis Traunstein,25.200000000000003,Bayern,BY
9190,200909190,2009,Landkreis Weilheim-Schongau,95.10000000000001,Bayern,BY
9190,201309190,2013,Landkreis Weilheim-Schongau,32.4,Bayern,BY
9190,201709190,2017,Landkreis Weilheim-Schongau,16.7,Bayern,BY
9261,200909261,2009,Landshut,45.5,Bayern,BY
9261,201309261,2013,Landshut,35.7,Bayern,BY
9261,201709261,2017,Landshut,17.3,Bayern,BY
9262,200909262,2009,Passau,60.300000000000004,Bayern,BY
9262,201309262,2013,Passau,63.0,Bayern,BY
9262,201709262,2017,Passau,44.6,Bayern,BY
9263,200909263,2009,Straubing,117.2,Bayern,BY
9263,201309263,2013,Straubing,78.7,Bayern,BY
9263,201709263,2017,Straubing,34.300000000000004,Bayern,BY
9271,200909271,2009,Landkreis Deggendorf,62.400000000000006,Bayern,BY
9271,201309271,2013,Landkreis Deggendorf,38.6,Bayern,BY
9271,201709271,2017,Landkreis Deggendorf,34.9,Bayern,BY
9272,200909272,2009,Landkreis Freyung-Grafenau,38.6,Bayern,BY
9272,201309272,2013,Landkreis Freyung-Grafenau,35.1,Bayern,BY
9272,201709272,2017,Landkreis Freyung-Grafenau,17.2,Bayern,BY
9273,200909273,2009,Landkreis Kehlheim,46.2,Bayern,BY
9273,201309273,2013,Landkreis Kehlheim,63.1,Bayern,BY
9273,201709273,2017,Landkreis Kehlheim,43.800000000000004,Bayern,BY
9274,200909274,2009,Landkreis Landshut (Land),62.2,Bayern,BY
9274,201309274,2013,Landkreis Landshut (Land),27.200000000000003,Bayern,BY
9274,201709274,2017,Landkreis Landshut (Land),26.8,Bayern,BY
9275,200909275,2009,Landkreis Passau (Land),38.5,Bayern,BY
9275,201309275,2013,Landkreis Passau (Land),22.3,Bayern,BY
9275,201709275,2017,Landkreis Passau (Land),25.5,Bayern,BY
9276,200909276,2009,Landkreis Regen,35.5,Bayern,BY
9276,201309276,2013,Landkreis Regen,44.400000000000006,Bayern,BY
9276,201709276,2017,Landkreis Regen,33.4,Bayern,BY
9277,200909277,2009,Landkreis Rottal-Inn,9.1,Bayern,BY
9277,201309277,2013,Landkreis Rottal-Inn,21.6,Bayern,BY
9277,201709277,2017,Landkreis Rottal-Inn,12.5,Bayern,BY
9278,200909278,2009,Landkreis Straubing-Bogen,46.7,Bayern,BY
9278,201309278,2013,Landkreis Straubing-Bogen,39.800000000000004,Bayern,BY
9278,201709278,2017,Landkreis Straubing-Bogen,36.9,Bayern,BY
9279,200909279,2009,Landkreis Dingolfing-Landau,28.6,Bayern,BY
9279,201309279,2013,Landkreis Dingolfing-Landau,26.700000000000003,Bayern,BY
9279,201709279,2017,Landkreis Dingolfing-Landau,12.0,Bayern,BY
9361,200909361,2009,Amberg,173.70000000000002,Bayern,BY
9361,201309361,2013,Amberg,86.2,Bayern,BY
9361,201709361,2017,Amberg,37.800000000000004,Bayern,BY
9362,200909362,2009,Regensburg,78.9,Bayern,BY
9362,201309362,2013,Regensburg,120.4,Bayern,BY
9362,201709362,2017,Regensburg,64.7,Bayern,BY
9363,200909363,2009,Weiden in der Oberpfalz,97.4,Bayern,BY
9363,201309363,2013,Weiden in der Oberpfalz,103.9,Bayern,BY
9363,201709363,2017,Weiden in der Oberpfalz,50.400000000000006,Bayern,BY
9371,200909371,2009,Landkreis Amberg-Sulzbach,81.60000000000001,Bayern,BY
9371,201309371,2013,Landkreis Amberg-Sulzbach,62.0,Bayern,BY
9371,201709371,2017,Landkreis Amberg-Sulzbach,36.6,Bayern,BY
9372,200909372,2009,Landkreis Cham,36.300000000000004,Bayern,BY
9372,201309372,2013,Landkreis Cham,44.5,Bayern,BY
9372,201709372,2017,Landkreis Cham,43.800000000000004,Bayern,BY
9373,200909373,2009,Landkreis Neumarkt in der Oberpfalz,35.800000000000004,Bayern,BY
9373,201309373,2013,Landkreis Neumarkt in der Oberpfalz,29.400000000000002,Bayern,BY
9373,201709373,2017,Landkreis Neumarkt in der Oberpfalz,35.5,Bayern,BY
9374,200909374,2009,Landkreis Neustadt an der Waldnaab,49.900000000000006,Bayern,BY
9374,201309374,2013,Landkreis Neustadt an der Waldnaab,48.6,Bayern,BY
9374,201709374,2017,Landkreis Neustadt an der Waldnaab,19.8,Bayern,BY
9375,200909375,2009,Landkreis Regensburg (Land),40.1,Bayern,BY
9375,201309375,2013,Landkreis Regensburg (Land),65.8,Bayern,BY
9375,201709375,2017,Landkreis Regensburg (Land),58.6,Bayern,BY
9376,200909376,2009,Landkreis Schwandorf,112.60000000000001,Bayern,BY
9376,201309376,2013,Landkreis Schwandorf,80.2,Bayern,BY
9376,201709376,2017,Landkreis Schwandorf,54.6,Bayern,BY
9377,200909377,2009,Landkreis Tirschenreuth,59.7,Bayern,BY
9377,201309377,2013,Landkreis Tirschenreuth,48.400000000000006,Bayern,BY
9377,201709377,2017,Landkreis Tirschenreuth,17.5,Bayern,BY
9461,200909461,2009,Bamberg,110.5,Bayern,BY
9461,201309461,2013,Bamberg,53.7,Bayern,BY
9461,201709461,2017,Bamberg,65.10000000000001,Bayern,BY
9462,200909462,2009,Bayreuth,104.4,Bayern,BY
9462,201309462,2013,Bayreuth,70.3,Bayern,BY
9462,201709462,2017,Bayreuth,36.4,Bayern,BY
9463,200909463,2009,Coburg,83.9,Bayern,BY
9463,201309463,2013,Coburg,41.800000000000004,Bayern,BY
9463,201709463,2017,Coburg,42.900000000000006,Bayern,BY
9464,200909464,2009,Hof,157.3,Bayern,BY
9464,201309464,2013,Hof,116.5,Bayern,BY
9464,201709464,2017,Hof,41.800000000000004,Bayern,BY
9471,200909471,2009,Landkreis Bamberg (Land),86.2,Bayern,BY
9471,201309471,2013,Landkreis Bamberg (Land),53.300000000000004,Bayern,BY
9471,201709471,2017,Landkreis Bamberg (Land),37.2,Bayern,BY
9472,200909472,2009,Landkreis Bayreuth (Land),62.2,Bayern,BY
9472,201309472,2013,Landkreis Bayreuth (Land),50.1,Bayern,BY
9472,201709472,2017,Landkreis Bayreuth (Land),40.7,Bayern,BY
9473,200909473,2009,Landkreis Coburg (Land),118.30000000000001,Bayern,BY
9473,201309473,2013,Landkreis Coburg (Land),55.7,Bayern,BY
9473,201709473,2017,Landkreis Coburg (Land),52.5,Bayern,BY
9474,200909474,2009,Landkreis Forchheim,49.800000000000004,Bayern,BY
9474,201309474,2013,Landkreis Forchheim,37.300000000000004,Bayern,BY
9474,201709474,2017,Landkreis Forchheim,53.800000000000004,Bayern,BY
9475,200909475,2009,Landkreis Hof (Land),104.9,Bayern,BY
9475,201309475,2013,Landkreis Hof (Land),72.2,Bayern,BY
9475,201709475,2017,Landkreis Hof (Land),44.800000000000004,Bayern,BY
9476,200909476,2009,Landkreis Kronach,103.5,Bayern,BY
9476,201309476,2013,Landkreis Kronach,48.900000000000006,Bayern,BY
9476,201709476,2017,Landkreis Kronach,26.5,Bayern,BY
9477,200909477,2009,Landkreis Kulmbach,112.0,Bayern,BY
9477,201309477,2013,Landkreis Kulmbach,73.4,Bayern,BY
9477,201709477,2017,Landkreis Kulmbach,54.2,Bayern,BY
9478,200909478,2009,Landkreis Lichtenfels,99.5,Bayern,BY
9478,201309478,2013,Landkreis Lichtenfels,30.3,Bayern,BY
9478,201709478,2017,Landkreis Lichtenfels,38.7,Bayern,BY
9479,200909479,2009,Landkreis Wunsiedel im Fichtelgebirge,79.7,Bayern,BY
9479,201309479,2013,Landkreis Wunsiedel im Fichtelgebirge,65.10000000000001,Bayern,BY
9479,201709479,2017,Landkreis Wunsiedel im Fichtelgebirge,59.1,Bayern,BY
9561,200909561,2009,Ansbach,60.900000000000006,Bayern,BY
9561,201309561,2013,Ansbach,72.60000000000001,Bayern,BY
9561,201709561,2017,Ansbach,13.0,Bayern,BY
9562,200909562,2009,Erlangen,44.7,Bayern,BY
9562,201309562,2013,Erlangen,35.0,Bayern,BY
9562,201709562,2017,Erlangen,35.9,Bayern,BY
9563,200909563,2009,Fürth,146.9,Bayern,BY
9563,201309563,2013,Fürth,54.400000000000006,Bayern,BY
9563,201709563,2017,Fürth,88.30000000000001,Bayern,BY
9564,200909564,2009,Nürnberg,101.60000000000001,Bayern,BY
9564,201309564,2013,Nürnberg,89.5,Bayern,BY
9564,201709564,2017,Nürnberg,84.0,Bayern,BY
9565,200909565,2009,Schwabach,47.1,Bayern,BY
9565,201309565,2013,Schwabach,86.30000000000001,Bayern,BY
9565,201709565,2017,Schwabach,89.0,Bayern,BY
9571,200909571,2009,Landkreis Ansbach (Land),60.800000000000004,Bayern,BY
9571,201309571,2013,Landkreis Ansbach (Land),24.400000000000002,Bayern,BY
9571,201709571,2017,Landkreis Ansbach (Land),23.8,Bayern,BY
9572,200909572,2009,Landkreis Erlangen-Höchstadt,53.800000000000004,Bayern,BY
9572,201309572,2013,Landkreis Erlangen-Höchstadt,34.7,Bayern,BY
9572,201709572,2017,Landkreis Erlangen-Höchstadt,54.7,Bayern,BY
9573,200909573,2009,Landkreis Fürth (Land),91.30000000000001,Bayern,BY
9573,201309573,2013,Landkreis Fürth (Land),45.300000000000004,Bayern,BY
9573,201709573,2017,Landkreis Fürth (Land),37.800000000000004,Bayern,BY
9574,200909574,2009,Landkreis Nürnberger Land,58.0,Bayern,BY
9574,201309574,2013,Landkreis Nürnberger Land,57.1,Bayern,BY
9574,201709574,2017,Landkreis Nürnberger Land,39.400000000000006,Bayern,BY
9575,200909575,2009,Landkreis Neustadt an der Aisch-Bad Windsheim,50.300000000000004,Bayern,BY
9575,201309575,2013,Landkreis Neustadt an der Aisch-Bad Windsheim,31.0,Bayern,BY
9575,201709575,2017,Landkreis Neustadt an der Aisch-Bad Windsheim,21.400000000000002,Bayern,BY
9576,200909576,2009,Landkreis Roth,80.60000000000001,Bayern,BY
9576,201309576,2013,Landkreis Roth,41.6,Bayern,BY
9576,201709576,2017,Landkreis Roth,44.6,Bayern,BY
9577,200909577,2009,Landkreis Weißenburg-Gunzenhausen,102.0,Bayern,BY
9577,201309577,2013,Landkreis Weißenburg-Gunzenhausen,39.0,Bayern,BY
9577,201709577,2017,Landkreis Weißenburg-Gunzenhausen,33.2,Bayern,BY
9661,200909661,2009,Aschaffenburg,71.5,Bayern,BY
9661,201309661,2013,Aschaffenburg,81.60000000000001,Bayern,BY
9661,201709661,2017,Aschaffenburg,42.400000000000006,Bayern,BY
9662,200909662,2009,Schweinfurt,104.0,Bayern,BY
9662,201309662,2013,Schweinfurt,108.0,Bayern,BY
9662,201709662,2017,Schweinfurt,112.9,Bayern,BY
9663,200909663,2009,Würzburg,72.3,Bayern,BY
9663,201309663,2013,Würzburg,62.5,Bayern,BY
9663,201709663,2017,Würzburg,48.7,Bayern,BY
9671,200909671,2009,Landkreis Aschaffenburg (Land),71.10000000000001,Bayern,BY
9671,201309671,2013,Landkreis Aschaffenburg (Land),34.6,Bayern,BY
9671,201709671,2017,Landkreis Aschaffenburg (Land),32.0,Bayern,BY
9672,200909672,2009,Landkreis Bad Kissingen,58.800000000000004,Bayern,BY
9672,201309672,2013,Landkreis Bad Kissingen,40.400000000000006,Bayern,BY
9672,201709672,2017,Landkreis Bad Kissingen,42.400000000000006,Bayern,BY
9673,200909673,2009,Landkreis Rhön-Grabfeld,42.7,Bayern,BY
9673,201309673,2013,Landkreis Rhön-Grabfeld,30.1,Bayern,BY
9673,201709673,2017,Landkreis Rhön-Grabfeld,57.300000000000004,Bayern,BY
9674,200909674,2009,Landkreis Haßberge,87.80000000000001,Bayern,BY
9674,201309674,2013,Landkreis Haßberge,41.1,Bayern,BY
9674,201709674,2017,Landkreis Haßberge,53.2,Bayern,BY
9675,200909675,2009,Landkreis Kitzingen,91.80000000000001,Bayern,BY
9675,201309675,2013,Landkreis Kitzingen,39.5,Bayern,BY
9675,201709675,2017,Landkreis Kitzingen,51.6,Bayern,BY
9676,200909676,2009,Landkreis Miltenberg,58.400000000000006,Bayern,BY
9676,201309676,2013,Landkreis Miltenberg,44.900000000000006,Bayern,BY
9676,201709676,2017,Landkreis Miltenberg,36.300000000000004,Bayern,BY
9677,200909677,2009,Landkreis Main-Spessart,58.0,Bayern,BY
9677,201309677,2013,Landkreis Main-Spessart,46.1,Bayern,BY
9677,201709677,2017,Landkreis Main-Spessart,39.7,Bayern,BY
9678,200909678,2009,Landkreis Schweinfurt (Land),35.4,Bayern,BY
9678,201309678,2013,Landkreis Schweinfurt (Land),43.5,Bayern,BY
9678,201709678,2017,Landkreis Schweinfurt (Land),45.6,Bayern,BY
9679,200909679,2009,Landkreis Würzburg (Land),69.9,Bayern,BY
9679,201309679,2013,Landkreis Würzburg (Land),43.400000000000006,Bayern,BY
9679,201709679,2017,Landkreis Würzburg (Land),27.0,Bayern,BY
9761,200909761,2009,Augsburg,157.5,Bayern,BY
9761,201309761,2013,Augsburg,100.7,Bayern,BY
9761,201709761,2017,Augsburg,63.800000000000004,Bayern,BY
9762,200909762,2009,Kaufbeuren,81.5,Bayern,BY
9762,201309762,2013,Kaufbeuren,46.6,Bayern,BY
9762,201709762,2017,Kaufbeuren,46.0,Bayern,BY
9763,200909763,2009,Kempten (Allgäu),89.9,Bayern,BY
9763,201309763,2013,Kempten (Allgäu),47.2,Bayern,BY
9763,201709763,2017,Kempten (Allgäu),46.400000000000006,Bayern,BY
9764,200909764,2009,Memmingen,56.7,Bayern,BY
9764,201309764,2013,Memmingen,86.0,Bayern,BY
9764,201709764,2017,Memmingen,56.400000000000006,Bayern,BY
9771,200909771,2009,Landkreis Aichach-Friedberg,64.0,Bayern,BY
9771,201309771,2013,Landkreis Aichach-Friedberg,48.800000000000004,Bayern,BY
9771,201709771,2017,Landkreis Aichach-Friedberg,40.2,Bayern,BY
9772,200909772,2009,Landkreis Augsburg Land,89.80000000000001,Bayern,BY
9772,201309772,2013,Landkreis Augsburg Land,70.60000000000001,Bayern,BY
9772,201709772,2017,Landkreis Augsburg Land,41.300000000000004,Bayern,BY
9773,200909773,2009,Landkreis Dillingen an der Donau,94.80000000000001,Bayern,BY
9773,201309773,2013,Landkreis Dillingen an der Donau,23.1,Bayern,BY
9773,201709773,2017,Landkreis Dillingen an der Donau,43.0,Bayern,BY
9774,200909774,2009,Landkreis Günzburg,66.2,Bayern,BY
9774,201309774,2013,Landkreis Günzburg,34.1,Bayern,BY
9774,201709774,2017,Landkreis Günzburg,29.3,Bayern,BY
9775,200909775,2009,Landkreis Neu-Ulm,90.30000000000001,Bayern,BY
9775,201309775,2013,Landkreis Neu-Ulm,77.80000000000001,Bayern,BY
9775,201709775,2017,Landkreis Neu-Ulm,48.1,Bayern,BY
9776,200909776,2009,Landkreis Lindau (Bodensee),44.300000000000004,Bayern,BY
9776,201309776,2013,Landkreis Lindau (Bodensee),24.6,Bayern,BY
9776,201709776,2017,Landkreis Lindau (Bodensee),28.5,Bayern,BY
9777,200909777,2009,Landkreis Ostallgäu,48.800000000000004,Bayern,BY
9777,201309777,2013,Landkreis Ostallgäu,22.0,Bayern,BY
9777,201709777,2017,Landkreis Ostallgäu,16.1,Bayern,BY
9778,200909778,2009,Landkreis Unterallgäu,50.1,Bayern,BY
9778,201309778,2013,Landkreis Unterallgäu,29.900000000000002,Bayern,BY
9778,201709778,2017,Landkreis Unterallgäu,53.400000000000006,Bayern,BY
9779,200909779,2009,Landkreis Donau-Ries,46.6,Bayern,BY
9779,201309779,2013,Landkreis Donau-Ries,32.800000000000004,Bayern,BY
9779,201709779,2017,Landkreis Donau-Ries,30.6,Bayern,BY
9780,200909780,2009,Landkreis Oberallgäu,38.7,Bayern,BY
9780,201309780,2013,Landkreis Oberallgäu,22.400000000000002,Bayern,BY
9780,201709780,2017,Landkreis Oberallgäu,15.3,Bayern,BY
10041,200910041,2009,Regionalverband Saarbrücken,133.4,Saarland,SL
10041,201310041,2013,Regionalverband Saarbrücken,126.30000000000001,Saarland,SL
10041,201710041,2017,Regionalverband Saarbrücken,76.9,Saarland,SL
10042,200910042,2009,Landkreis Merzig-Wadern,86.60000000000001,Saarland,SL
10042,201310042,2013,Landkreis Merzig-Wadern,58.900000000000006,Saarland,SL
10042,201710042,2017,Landkreis Merzig-Wadern,43.400000000000006,Saarland,SL
10043,200910043,2009,Landkreis Neunkirchen,134.3,Saarland,SL
10043,201310043,2013,Landkreis Neunkirchen,97.10000000000001,Saarland,SL
10043,201710043,2017,Landkreis Neunkirchen,73.0,Saarland,SL
10044,200910044,2009,Landkreis Saarlouis,117.30000000000001,Saarland,SL
10044,201310044,2013,Landkreis Saarlouis,67.9,Saarland,SL
10044,201710044,2017,Landkreis Saarlouis,72.0,Saarland,SL
10045,200910045,2009,Saarpfalz-Kreis,113.30000000000001,Saarland,SL
10045,201310045,2013,Saarpfalz-Kreis,99.7,Saarland,SL
10045,201710045,2017,Saarpfalz-Kreis,76.80000000000001,Saarland,SL
10046,200910046,2009,Landkreis St. Wendel,159.3,Saarland,SL
10046,201310046,2013,Landkreis St. Wendel,69.8,Saarland,SL
10046,201710046,2017,Landkreis St. Wendel,54.300000000000004,Saarland,SL
12051,200912051,2009,Brandenburg an der Havel,113.30000000000001,Brandenburg,BB
12051,201312051,2013,Brandenburg an der Havel,56.2,Brandenburg,BB
12051,201712051,2017,Brandenburg an der Havel,32.0,Brandenburg,BB
12052,200912052,2009,Cottbus,102.4,Brandenburg,BB
12052,201312052,2013,Cottbus,89.9,Brandenburg,BB
12052,201712052,2017,Cottbus,45.7,Brandenburg,BB
12053,200912053,2009,Frankfurt (Oder),123.9,Brandenburg,BB
12053,201312053,2013,Frankfurt (Oder),87.10000000000001,Brandenburg,BB
12053,201712053,2017,Frankfurt (Oder),79.2,Brandenburg,BB
12054,200912054,2009,Potsdam,83.0,Brandenburg,BB
12054,201312054,2013,Potsdam,80.7,Brandenburg,BB
12054,201712054,2017,Potsdam,67.0,Brandenburg,BB
12060,200912060,2009,Landkreis Barnim,112.4,Brandenburg,BB
12060,201312060,2013,Landkreis Barnim,80.80000000000001,Brandenburg,BB
12060,201712060,2017,Landkreis Barnim,59.800000000000004,Brandenburg,BB
12061,200912061,2009,Landkreis Dahme-Spreewald,86.2,Brandenburg,BB
12061,201312061,2013,Landkreis Dahme-Spreewald,76.80000000000001,Brandenburg,BB
12061,201712061,2017,Landkreis Dahme-Spreewald,46.400000000000006,Brandenburg,BB
12062,200912062,2009,Landkreis Elbe-Elster,57.900000000000006,Brandenburg,BB
12062,201312062,2013,Landkreis Elbe-Elster,58.6,Brandenburg,BB
12062,201712062,2017,Landkreis Elbe-Elster,28.200000000000003,Brandenburg,BB
12063,200912063,2009,Landkreis Havelland,112.7,Brandenburg,BB
12063,201312063,2013,Landkreis Havelland,47.2,Brandenburg,BB
12063,201712063,2017,Landkreis Havelland,46.2,Brandenburg,BB
12064,200912064,2009,Landkreis Märkisch-Oderland,85.10000000000001,Brandenburg,BB
12064,201312064,2013,Landkreis Märkisch-Oderland,59.0,Brandenburg,BB
12064,201712064,2017,Landkreis Märkisch-Oderland,39.2,Brandenburg,BB
12065,200912065,2009,Landkreis Oberhavel,52.400000000000006,Brandenburg,BB
12065,201312065,2013,Landkreis Oberhavel,43.2,Brandenburg,BB
12065,201712065,2017,Landkreis Oberhavel,38.0,Brandenburg,BB
12066,200912066,2009,Landkreis Oberspreewald-Lausitz,81.80000000000001,Brandenburg,BB
12066,201312066,2013,Landkreis Oberspreewald-Lausitz,55.900000000000006,Brandenburg,BB
12066,201712066,2017,Landkreis Oberspreewald-Lausitz,34.6,Brandenburg,BB
12067,200912067,2009,Landkreis Oder-Spree,93.80000000000001,Brandenburg,BB
12067,201312067,2013,Landkreis Oder-Spree,63.2,Brandenburg,BB
12067,201712067,2017,Landkreis Oder-Spree,40.2,Brandenburg,BB
12068,200912068,2009,Landkreis Ostprignitz-Ruppin,95.5,Brandenburg,BB
12068,201312068,2013,Landkreis Ostprignitz-Ruppin,72.60000000000001,Brandenburg,BB
12068,201712068,2017,Landkreis Ostprignitz-Ruppin,58.2,Brandenburg,BB
12069,200912069,2009,Landkreis Potsdam-Mittelmark,78.30000000000001,Brandenburg,BB
12069,201312069,2013,Landkreis Potsdam-Mittelmark,54.6,Brandenburg,BB
12069,201712069,2017,Landkreis Potsdam-Mittelmark,38.1,Brandenburg,BB
12070,200912070,2009,Landkreis Prignitz,88.5,Brandenburg,BB
12070,201312070,2013,Landkreis Prignitz,53.7,Brandenburg,BB
12070,201712070,2017,Landkreis Prignitz,57.900000000000006,Brandenburg,BB
12071,200912071,2009,Landkreis Spree-Neiße,63.1,Brandenburg,BB
12071,201312071,2013,Landkreis Spree-Neiße,80.60000000000001,Brandenburg,BB
12071,201712071,2017,Landkreis Spree-Neiße,54.7,Brandenburg,BB
12072,200912072,2009,Landkreis Teltow-Fläming,92.9,Brandenburg,BB
12072,201312072,2013,Landkreis Teltow-Fläming,59.300000000000004,Brandenburg,BB
12072,201712072,2017,Landkreis Teltow-Fläming,47.1,Brandenburg,BB
12073,200912073,2009,Landkreis Uckermark,78.7,Brandenburg,BB
12073,201312073,2013,Landkreis Uckermark,61.0,Brandenburg,BB
12073,201712073,2017,Landkreis Uckermark,62.400000000000006,Brandenburg,BB
13001,200913001,2009,Greifswald,58.5,Mecklenburg-Vorpommern,MV
13001,201313001,2013,Greifswald,,Mecklenburg-Vorpommern,MV
13001,201713001,2017,Greifswald,,Mecklenburg-Vorpommern,MV
13002,200913002,2009,Neubrandenburg,235.3,Mecklenburg-Vorpommern,MV
13002,201313002,2013,Neubrandenburg,,Mecklenburg-Vorpommern,MV
13002,201713002,2017,Neubrandenburg,,Mecklenburg-Vorpommern,MV
13003,200913003,2009,Rostock,66.3,Mecklenburg-Vorpommern,MV
13003,201313003,2013,Rostock,51.5,Mecklenburg-Vorpommern,MV
13003,201713003,2017,Rostock,31.200000000000003,Mecklenburg-Vorpommern,MV
13004,200913004,2009,Schwerin,100.5,Mecklenburg-Vorpommern,MV
13004,201313004,2013,Schwerin,128.0,Mecklenburg-Vorpommern,MV
13004,201713004,2017,Schwerin,76.5,Mecklenburg-Vorpommern,MV
13005,200913005,2009,Stralsund,65.7,Mecklenburg-Vorpommern,MV
13005,201313005,2013,Stralsund,,Mecklenburg-Vorpommern,MV
13005,201713005,2017,Stralsund,,Mecklenburg-Vorpommern,MV
13006,200913006,2009,Wismar,78.0,Mecklenburg-Vorpommern,MV
13006,201313006,2013,Wismar,,Mecklenburg-Vorpommern,MV
13006,201713006,2017,Wismar,,Mecklenburg-Vorpommern,MV
13051,200913051,2009,Landkreis Bad Doberan,56.2,Mecklenburg-Vorpommern,MV
13051,201313051,2013,Landkreis Bad Doberan,,Mecklenburg-Vorpommern,MV
13051,201713051,2017,Landkreis Bad Doberan,,Mecklenburg-Vorpommern,MV
13052,200913052,2009,Landkreis Demmin,217.10000000000002,Mecklenburg-Vorpommern,MV
13052,201313052,2013,Landkreis Demmin,,Mecklenburg-Vorpommern,MV
13052,201713052,2017,Landkreis Demmin,,Mecklenburg-Vorpommern,MV
13053,200913053,2009,Landkreis Güstrow,62.6,Mecklenburg-Vorpommern,MV
13053,201313053,2013,Landkreis Güstrow,,Mecklenburg-Vorpommern,MV
13053,201713053,2017,Landkreis Güstrow,,Mecklenburg-Vorpommern,MV
13054,200913054,2009,Landkreis Ludwigslust,65.2,Mecklenburg-Vorpommern,MV
13054,201313054,2013,Landkreis Ludwigslust,,Mecklenburg-Vorpommern,MV
13054,201713054,2017,Landkreis Ludwigslust,,Mecklenburg-Vorpommern,MV
13055,200913055,2009,Landkreis Mecklenburg-Strelitz,201.4,Mecklenburg-Vorpommern,MV
13055,201313055,2013,Landkreis Mecklenburg-Strelitz,,Mecklenburg-Vorpommern,MV
13055,201713055,2017,Landkreis Mecklenburg-Strelitz,,Mecklenburg-Vorpommern,MV
13056,200913056,2009,Landkreis Müritz,184.70000000000002,Mecklenburg-Vorpommern,MV
13056,201313056,2013,Landkreis Müritz,,Mecklenburg-Vorpommern,MV
13056,201713056,2017,Landkreis Müritz,,Mecklenburg-Vorpommern,MV
13057,200913057,2009,Landkreis Nordvorpommern,43.6,Mecklenburg-Vorpommern,MV
13057,201313057,2013,Landkreis Nordvorpommern,,Mecklenburg-Vorpommern,MV
13057,201713057,2017,Landkreis Nordvorpommern,,Mecklenburg-Vorpommern,MV
13058,200913058,2009,Landkreis Nordwestmecklenburg,63.7,Mecklenburg-Vorpommern,MV
13058,201313058,2013,Landkreis Nordwestmecklenburg,,Mecklenburg-Vorpommern,MV
13058,201713058,2017,Landkreis Nordwestmecklenburg,,Mecklenburg-Vorpommern,MV
13059,200913059,2009,Landkreis Ostvorpommern,60.5,Mecklenburg-Vorpommern,MV
13059,201313059,2013,Landkreis Ostvorpommern,,Mecklenburg-Vorpommern,MV
13059,201713059,2017,Landkreis Ostvorpommern,,Mecklenburg-Vorpommern,MV
13060,200913060,2009,Landkreis Parchim,44.6,Mecklenburg-Vorpommern,MV
13060,201313060,2013,Landkreis Parchim,,Mecklenburg-Vorpommern,MV
13060,201713060,2017,Landkreis Parchim,,Mecklenburg-Vorpommern,MV
13061,200913061,2009,Landkreis Rügen,34.1,Mecklenburg-Vorpommern,MV
13061,201313061,2013,Landkreis Rügen,,Mecklenburg-Vorpommern,MV
13061,201713061,2017,Landkreis Rügen,,Mecklenburg-Vorpommern,MV
13062,200913062,2009,Landkreis Uecker-Randow,179.4,Mecklenburg-Vorpommern,MV
13062,201313062,2013,Landkreis Uecker-Randow,,Mecklenburg-Vorpommern,MV
13062,201713062,2017,Landkreis Uecker-Randow,,Mecklenburg-Vorpommern,MV
13071,200913071,2009,Landkreis Mecklenburgische Seenplatte,,Mecklenburg-Vorpommern,MV
13071,201313071,2013,Landkreis Mecklenburgische Seenplatte,91.80000000000001,Mecklenburg-Vorpommern,MV
13071,201713071,2017,Landkreis Mecklenburgische Seenplatte,66.7,Mecklenburg-Vorpommern,MV
13072,200913072,2009,Landkreis Rostock,,Mecklenburg-Vorpommern,MV
13072,201313072,2013,Landkreis Rostock,40.7,Mecklenburg-Vorpommern,MV
13072,201713072,2017,Landkreis Rostock,38.5,Mecklenburg-Vorpommern,MV
13073,200913073,2009,Landkreis Vorpommern-Rügen,,Mecklenburg-Vorpommern,MV
13073,201313073,2013,Landkreis Vorpommern-Rügen,30.3,Mecklenburg-Vorpommern,MV
13073,201713073,2017,Landkreis Vorpommern-Rügen,30.200000000000003,Mecklenburg-Vorpommern,MV
13074,200913074,2009,Landkreis Nordwestmecklenburg,,Mecklenburg-Vorpommern,MV
13074,201313074,2013,Landkreis Nordwestmecklenburg,49.7,Mecklenburg-Vorpommern,MV
13074,201713074,2017,Landkreis Nordwestmecklenburg,37.7,Mecklenburg-Vorpommern,MV
13075,200913075,2009,Landkreis Vorpommern-Greifswald,,Mecklenburg-Vorpommern,MV
13075,201313075,2013,Landkreis Vorpommern-Greifswald,38.6,Mecklenburg-Vorpommern,MV
13075,201713075,2017,Landkreis Vorpommern-Greifswald,51.0,Mecklenburg-Vorpommern,MV
13076,200913076,2009,Landkreis Ludwigslust-Parchim,,Mecklenburg-Vorpommern,MV
13076,201313076,2013,Landkreis Ludwigslust-Parchim,47.7,Mecklenburg-Vorpommern,MV
13076,201713076,2017,Landkreis Ludwigslust-Parchim,32.800000000000004,Mecklenburg-Vorpommern,MV
14511,200914511,2009,Chemnitz,149.20000000000002,Sachsen,SN
14511,201314511,2013,Chemnitz,102.30000000000001,Sachsen,SN
14511,201714511,2017,Chemnitz,77.10000000000001,Sachsen,SN
14521,200914521,2009,Erzgebirgskreis,102.80000000000001,Sachsen,SN
14521,201314521,2013,Erzgebirgskreis,60.5,Sachsen,SN
14521,201714521,2017,Erzgebirgskreis,43.0,Sachsen,SN
14522,200914522,2009,Landkreis Mittelsachsen,102.4,Sachsen,SN
14522,201314522,2013,Landkreis Mittelsachsen,73.2,Sachsen,SN
14522,201714522,2017,Landkreis Mittelsachsen,39.1,Sachsen,SN
14523,200914523,2009,Vogtlandkreis,130.70000000000002,Sachsen,SN
14523,201314523,2013,Vogtlandkreis,66.0,Sachsen,SN
14523,201714523,2017,Vogtlandkreis,56.900000000000006,Sachsen,SN
14524,200914524,2009,Kreis Zwickau,115.7,Sachsen,SN
14524,201314524,2013,Kreis Zwickau,66.9,Sachsen,SN
14524,201714524,2017,Kreis Zwickau,51.5,Sachsen,SN
14612,200914612,2009,Dresden,128.8,Sachsen,SN
14612,201314612,2013,Dresden,95.2,Sachsen,SN
14612,201714612,2017,Dresden,66.4,Sachsen,SN
14625,200914625,2009,Landkreis Bautzen,107.60000000000001,Sachsen,SN
14625,201314625,2013,Landkreis Bautzen,61.6,Sachsen,SN
14625,201714625,2017,Landkreis Bautzen,43.2,Sachsen,SN
14626,200914626,2009,Landkreis Görlitz,116.10000000000001,Sachsen,SN
14626,201314626,2013,Landkreis Görlitz,71.3,Sachsen,SN
14626,201714626,2017,Landkreis Görlitz,63.800000000000004,Sachsen,SN
14627,200914627,2009,Landkreis Meissen,115.5,Sachsen,SN
14627,201314627,2013,Landkreis Meissen,43.400000000000006,Sachsen,SN
14627,201714627,2017,Landkreis Meissen,42.900000000000006,Sachsen,SN
14628,200914628,2009,Landkreis Sächsische Schweiz-Osterzgebirge,88.5,Sachsen,SN
14628,201314628,2013,Landkreis Sächsische Schweiz-Osterzgebirge,76.0,Sachsen,SN
14628,201714628,2017,Landkreis Sächsische Schweiz-Osterzgebirge,44.1,Sachsen,SN
14713,200914713,2009,Leipzig,227.10000000000002,Sachsen,SN
14713,201314713,2013,Leipzig,137.70000000000002,Sachsen,SN
14713,201714713,2017,Leipzig,97.5,Sachsen,SN
14729,200914729,2009,Landkreis Leipzig,167.0,Sachsen,SN
14729,201314729,2013,Landkreis Leipzig,90.80000000000001,Sachsen,SN
14729,201714729,2017,Landkreis Leipzig,66.10000000000001,Sachsen,SN
14730,200914730,2009,Landkreis Nordsachsen,129.4,Sachsen,SN
14730,201314730,2013,Landkreis Nordsachsen,86.2,Sachsen,SN
14730,201714730,2017,Landkreis Nordsachsen,67.3,Sachsen,SN
15001,200915001,2009,Dessau-Rosslau,165.20000000000002,Sachsen-Anhalt,ST
15001,201315001,2013,Dessau-Rosslau,144.20000000000002,Sachsen-Anhalt,ST
15001,201715001,2017,Dessau-Rosslau,66.9,Sachsen-Anhalt,ST
15002,200915002,2009,Halle (Saale),120.9,Sachsen-Anhalt,ST
15002,201315002,2013,Halle (Saale),110.60000000000001,Sachsen-Anhalt,ST
15002,201715002,2017,Halle (Saale),97.0,Sachsen-Anhalt,ST
15003,200915003,2009,Magdeburg,209.5,Sachsen-Anhalt,ST
15003,201315003,2013,Magdeburg,124.30000000000001,Sachsen-Anhalt,ST
15003,201715003,2017,Magdeburg,82.5,Sachsen-Anhalt,ST
15081,200915081,2009,Altmarkkreis Salzwedel,96.5,Sachsen-Anhalt,ST
15081,201315081,2013,Altmarkkreis Salzwedel,121.9,Sachsen-Anhalt,ST
15081,201715081,2017,Altmarkkreis Salzwedel,37.7,Sachsen-Anhalt,ST
15082,200915082,2009,Landkreis Anhalt-Bitterfeld,142.3,Sachsen-Anhalt,ST
15082,201315082,2013,Landkreis Anhalt-Bitterfeld,111.5,Sachsen-Anhalt,ST
15082,201715082,2017,Landkreis Anhalt-Bitterfeld,77.0,Sachsen-Anhalt,ST
15083,200915083,2009,Landkreis Börde,194.3,Sachsen-Anhalt,ST
15083,201315083,2013,Landkreis Börde,115.2,Sachsen-Anhalt,ST
15083,201715083,2017,Landkreis Börde,82.30000000000001,Sachsen-Anhalt,ST
15084,200915084,2009,Burgenlandkreis,116.10000000000001,Sachsen-Anhalt,ST
15084,201315084,2013,Burgenlandkreis,72.3,Sachsen-Anhalt,ST
15084,201715084,2017,Burgenlandkreis,83.0,Sachsen-Anhalt,ST
15085,200915085,2009,Landkreis Harz,176.5,Sachsen-Anhalt,ST
15085,201315085,2013,Landkreis Harz,109.0,Sachsen-Anhalt,ST
15085,201715085,2017,Landkreis Harz,67.60000000000001,Sachsen-Anhalt,ST
15086,200915086,2009,Landkreis Jerichower Land,166.4,Sachsen-Anhalt,ST
15086,201315086,2013,Landkreis Jerichower Land,142.6,Sachsen-Anhalt,ST
15086,201715086,2017,Landkreis Jerichower Land,112.7,Sachsen-Anhalt,ST
15087,200915087,2009,Landkreis Mansfeld-Südharz,142.70000000000002,Sachsen-Anhalt,ST
15087,201315087,2013,Landkreis Mansfeld-Südharz,97.2,Sachsen-Anhalt,ST
15087,201715087,2017,Landkreis Mansfeld-Südharz,102.5,Sachsen-Anhalt,ST
15088,200915088,2009,Saalekreis,123.10000000000001,Sachsen-Anhalt,ST
15088,201315088,2013,Saalekreis,90.30000000000001,Sachsen-Anhalt,ST
15088,201715088,2017,Saalekreis,84.7,Sachsen-Anhalt,ST
15089,200915089,2009,Salzlandkreis,161.8,Sachsen-Anhalt,ST
15089,201315089,2013,Salzlandkreis,106.10000000000001,Sachsen-Anhalt,ST
15089,201715089,2017,Salzlandkreis,61.5,Sachsen-Anhalt,ST
15090,200915090,2009,Landkreis Stendal,109.7,Sachsen-Anhalt,ST
15090,201315090,2013,Landkreis Stendal,85.5,Sachsen-Anhalt,ST
15090,201715090,2017,Landkreis Stendal,70.60000000000001,Sachsen-Anhalt,ST
15091,200915091,2009,Landkreis Wittenberg,138.1,Sachsen-Anhalt,ST
15091,201315091,2013,Landkreis Wittenberg,75.2,Sachsen-Anhalt,ST
15091,201715091,2017,Landkreis Wittenberg,43.0,Sachsen-Anhalt,ST
16051,200916051,2009,Erfurt,67.2,Thüringen,TH
16051,201316051,2013,Erfurt,66.2,Thüringen,TH
16051,201716051,2017,Erfurt,51.900000000000006,Thüringen,TH
16052,200916052,2009,Gera,133.70000000000002,Thüringen,TH
16052,201316052,2013,Gera,80.7,Thüringen,TH
16052,201716052,2017,Gera,62.6,Thüringen,TH
16053,200916053,2009,Jena,126.9,Thüringen,TH
16053,201316053,2013,Jena,92.0,Thüringen,TH
16053,201716053,2017,Jena,43.5,Thüringen,TH
16054,200916054,2009,Suhl,149.4,Thüringen,TH
16054,201316054,2013,Suhl,57.300000000000004,Thüringen,TH
16054,201716054,2017,Suhl,56.0,Thüringen,TH
16055,200916055,2009,Weimar,70.0,Thüringen,TH
16055,201316055,2013,Weimar,68.5,Thüringen,TH
16055,201716055,2017,Weimar,15.9,Thüringen,TH
16056,200916056,2009,Eisenach,147.9,Thüringen,TH
16056,201316056,2013,Eisenach,73.60000000000001,Thüringen,TH
16056,201716056,2017,Eisenach,45.300000000000004,Thüringen,TH
16061,200916061,2009,Landkreis Eichsfeld,35.4,Thüringen,TH
16061,201316061,2013,Landkreis Eichsfeld,75.4,Thüringen,TH
16061,201716061,2017,Landkreis Eichsfeld,39.1,Thüringen,TH
16062,200916062,2009,Landkreis Nordhausen,73.9,Thüringen,TH
16062,201316062,2013,Landkreis Nordhausen,39.900000000000006,Thüringen,TH
16062,201716062,2017,Landkreis Nordhausen,41.7,Thüringen,TH
16063,200916063,2009,Landkreis Wartburgkreis,114.7,Thüringen,TH
16063,201316063,2013,Landkreis Wartburgkreis,57.900000000000006,Thüringen,TH
16063,201716063,2017,Landkreis Wartburgkreis,44.800000000000004,Thüringen,TH
16064,200916064,2009,Landkreis Unstrut-Hainich-Kreis,58.0,Thüringen,TH
16064,201316064,2013,Landkreis Unstrut-Hainich-Kreis,50.7,Thüringen,TH
16064,201716064,2017,Landkreis Unstrut-Hainich-Kreis,11.4,Thüringen,TH
16065,200916065,2009,Landkreis Kyffhäuserkreis,82.7,Thüringen,TH
16065,201316065,2013,Landkreis Kyffhäuserkreis,35.1,Thüringen,TH
16065,201716065,2017,Landkreis Kyffhäuserkreis,63.5,Thüringen,TH
16066,200916066,2009,Landkreis Schmalkalden-Meiningen,98.80000000000001,Thüringen,TH
16066,201316066,2013,Landkreis Schmalkalden-Meiningen,43.2,Thüringen,TH
16066,201716066,2017,Landkreis Schmalkalden-Meiningen,24.8,Thüringen,TH
16067,200916067,2009,Landkreis Gotha,65.0,Thüringen,TH
16067,201316067,2013,Landkreis Gotha,43.7,Thüringen,TH
16067,201716067,2017,Landkreis Gotha,36.800000000000004,Thüringen,TH
16068,200916068,2009,Landkreis Sömmerda,81.4,Thüringen,TH
16068,201316068,2013,Landkreis Sömmerda,21.200000000000003,Thüringen,TH
16068,201716068,2017,Landkreis Sömmerda,17.8,Thüringen,TH
16069,200916069,2009,Landkreis Hildburghausen,109.0,Thüringen,TH
16069,201316069,2013,Landkreis Hildburghausen,74.9,Thüringen,TH
16069,201716069,2017,Landkreis Hildburghausen,73.5,Thüringen,TH
16070,200916070,2009,Landkreis Ilm-Kreis,50.6,Thüringen,TH
16070,201316070,2013,Landkreis Ilm-Kreis,40.0,Thüringen,TH
16070,201716070,2017,Landkreis Ilm-Kreis,31.1,Thüringen,TH
16071,200916071,2009,Landkreis Weimarer Land,58.7,Thüringen,TH
16071,201316071,2013,Landkreis Weimarer Land,35.300000000000004,Thüringen,TH
16071,201716071,2017,Landkreis Weimarer Land,36.2,Thüringen,TH
16072,200916072,2009,Landkreis Sonneberg,71.4,Thüringen,TH
16072,201316072,2013,Landkreis Sonneberg,58.0,Thüringen,TH
16072,201716072,2017,Landkreis Sonneberg,40.400000000000006,Thüringen,TH
16073,200916073,2009,Landkreis Saalfeld-Rudolstadt,96.80000000000001,Thüringen,TH
16073,201316073,2013,Landkreis Saalfeld-Rudolstadt,63.7,Thüringen,TH
16073,201716073,2017,Landkreis Saalfeld-Rudolstadt,45.7,Thüringen,TH
16074,200916074,2009,Landkreis Saale-Holzland-Kreis,85.5,Thüringen,TH
16074,201316074,2013,Landkreis Saale-Holzland-Kreis,82.30000000000001,Thüringen,TH
16074,201716074,2017,Landkreis Saale-Holzland-Kreis,51.1,Thüringen,TH
16075,200916075,2009,Landkreis Saale-Orla-Kreis,83.9,Thüringen,TH
16075,201316075,2013,Landkreis Saale-Orla-Kreis,38.0,Thüringen,TH
16075,201716075,2017,Landkreis Saale-Orla-Kreis,36.6,Thüringen,TH
16076,200916076,2009,Landkreis Greiz,74.8,Thüringen,TH
16076,201316076,2013,Landkreis Greiz,66.2,Thüringen,TH
16076,201716076,2017,Landkreis Greiz,62.300000000000004,Thüringen,TH
16077,200916077,2009,Landkreis Altenburger Land,76.4,Thüringen,TH
16077,201316077,2013,Landkreis Altenburger Land,49.5,Thüringen,TH
16077,201716077,2017,Landkreis Altenburger Land,59.900000000000006,Thüringen,TH
3241001,200903241001,2009,Landeshauptstadt Hannover,83.80000000000001,Niedersachsen,NI
3241001,201303241001,2013,Landeshauptstadt Hannover,75.60000000000001,Niedersachsen,NI
3241001,201703241001,2017,Landeshauptstadt Hannover,59.400000000000006,Niedersachsen,NI
10041100,200910041100,2009,Landeshauptstadt Saarbrücken,126.30000000000001,Saarland,SL
10041100,201310041100,2013,Landeshauptstadt Saarbrücken,104.30000000000001,Saarland,SL
10041100,201710041100,2017,Landeshauptstadt Saarbrücken,75.8,Saarland,SL
11001001,200911001001,2009,Berlin-Mitte,,Berlin,BE
11001001,201311001001,2013,Berlin-Mitte,,Berlin,BE
11001001,201711001001,2017,Berlin-Mitte,,Berlin,BE
11002002,200911002002,2009,Berlin-Friedrichshain-Kreuzberg,,Berlin,BE
11002002,201311002002,2013,Berlin-Friedrichshain-Kreuzberg,,Berlin,BE
11002002,201711002002,2017,Berlin-Friedrichshain-Kreuzberg,,Berlin,BE
11003003,200911003003,2009,Berlin-Pankow,,Berlin,BE
11003003,201311003003,2013,Berlin-Pankow,,Berlin,BE
11003003,201711003003,2017,Berlin-Pankow,,Berlin,BE
11004004,200911004004,2009,Berlin-Charlottenburg-Wilmersdorf,,Berlin,BE
11004004,201311004004,2013,Berlin-Charlottenburg-Wilmersdorf,,Berlin,BE
11004004,201711004004,2017,Berlin-Charlottenburg-Wilmersdorf,,Berlin,BE
11005005,200911005005,2009,Berlin-Spandau,,Berlin,BE
11005005,201311005005,2013,Berlin-Spandau,,Berlin,BE
11005005,201711005005,2017,Berlin-Spandau,,Berlin,BE
11006006,200911006006,2009,Berlin-Steglitz-Zehlendorf,,Berlin,BE
11006006,201311006006,2013,Berlin-Steglitz-Zehlendorf,,Berlin,BE
11006006,201711006006,2017,Berlin-Steglitz-Zehlendorf,,Berlin,BE
11007007,200911007007,2009,Berlin-Tempelhof-Schöneberg,,Berlin,BE
11007007,201311007007,2013,Berlin-Tempelhof-Schöneberg,,Berlin,BE
11007007,201711007007,2017,Berlin-Tempelhof-Schöneberg,,Berlin,BE
11008008,200911008008,2009,Berlin-Neukölln,,Berlin,BE
11008008,201311008008,2013,Berlin-Neukölln,,Berlin,BE
11008008,201711008008,2017,Berlin-Neukölln,,Berlin,BE
11009009,200911009009,2009,Berlin-Treptow-Köpenick,,Berlin,BE
11009009,201311009009,2013,Berlin-Treptow-Köpenick,,Berlin,BE
11009009,201711009009,2017,Berlin-Treptow-Köpenick,,Berlin,BE
11010010,200911010010,2009,Berlin-Marzahn-Hellersdorf,,Berlin,BE
11010010,201311010010,2013,Berlin-Marzahn-Hellersdorf,,Berlin,BE
11010010,201711010010,2017,Berlin-Marzahn-Hellersdorf,,Berlin,BE
11011011,200911011011,2009,Berlin-Lichtenberg,,Berlin,BE
11011011,201311011011,2013,Berlin-Lichtenberg,,Berlin,BE
11011011,201711011011,2017,Berlin-Lichtenberg,,Berlin,BE
11012012,200911012012,2009,Berlin-Reinickendorf,,Berlin,BE
11012012,201311012012,2013,Berlin-Reinickendorf,,Berlin,BE
11012012,201711012012,2017,Berlin-Reinickendorf,,Berlin,BE
